"food_id","food_public_id","food_name","total_pp","Status","total_pp_adj","Status_adj"
120,"FOOD00120","Evening primrose",25900,"Quantified",25900,"Quantified"
813,"FOOD00788","Nance",22755,"Quantified",22755,"Quantified"
1021,"FOOD00989","Herbal tea",21296.7067702592,"Quantified",21296.7067702592,"Quantified"
957,"FOOD00925","Red tea",21294.3867702592,"Quantified",21294.3867702592,"Quantified"
939,"FOOD00907","Black tea",20205.5625950983,"Quantified",20205.5625950983,"Quantified"
940,"FOOD00908","Green tea",20205.5625950983,"Quantified",20205.5625950983,"Quantified"
38,"FOOD00038","Tea",19896.6186677764,"Quantified",19896.6186677764,"Quantified"
89,"FOOD00089","Hyssop",17008.900000096,"Quantified",17008.900000096,"Quantified"
106,"FOOD00106","Mango",16557.000000029,"Quantified",16557.000000029,"Quantified"
93,"FOOD00093","Black walnut",14703.5,"Quantified",14703.5,"Quantified"
151,"FOOD00151","Pomegranate",14039.5998272942,"Quantified",14039.5998272942,"Quantified"
193,"FOOD00193","Bilberry",11707.2096874855,"Quantified",11707.2096874855,"Quantified"
183,"FOOD00183","Common thyme",10614.796250095,"Quantified",10614.796250095,"Quantified"
150,"FOOD00150","Guava",10467.7666666667,"Quantified",10467.7666666667,"Quantified"
164,"FOOD00164","Sorrel",10183.5,"Quantified",10183.5,"Quantified"
110,"FOOD00110","Orange mint",10100,"Quantified",10100,"Quantified"
94,"FOOD00094","Common walnut",9963.05484197693,"Quantified",9963.05484197693,"Quantified"
155,"FOOD00155","Blackcurrant",9440.07674945737,"Quantified",9440.07674945737,"Quantified"
124,"FOOD00124","Common oregano",9372.07000003133,"Quantified",9372.07000003133,"Quantified"
59,"FOOD00059","Arabica coffee",9143.5379814485,"Quantified",9143.5379814485,"Quantified"
11,"FOOD00011","Cashew nut",9002.46666667467,"Quantified",9002.46666667467,"Quantified"
167,"FOOD00167","Summer savory",8850,"Quantified",8850,"Quantified"
182,"FOOD00182","Cocoa bean",7795.85,"Quantified",7795.85,"Quantified"
113,"FOOD00113","Peppermint",7303.94409342783,"Quantified",7303.94409342783,"Quantified"
147,"FOOD00147","European plum",7032.30742822806,"Quantified",7032.30742822806,"Quantified"
180,"FOOD00180","Tamarind",7000,"Quantified",7000,"Quantified"
68,"FOOD00068","Turmeric",6625.2607142855,"Quantified",6625.2607142855,"Quantified"
165,"FOOD00165","Common sage",6561.43940650858,"Quantified",6561.43940650858,"Quantified"
368,"FOOD00363","European chestnut",6466.67666666667,"Quantified",6466.67666666667,"Quantified"
146,"FOOD00146","Sour cherry",6081.9503328,"Quantified",6081.9503328,"Quantified"
162,"FOOD00162","Red raspberry",6035.27197975867,"Quantified",6035.27197975867,"Quantified"
204,"FOOD00204","Common grape",5546.63686686742,"Quantified",5546.63686686742,"Quantified"
468,"FOOD00458","Sapodilla",4805,"Quantified",4805,"Quantified"
130,"FOOD00130","Avocado",4700.72,"Quantified",4700.72,"Quantified"
131,"FOOD00131","Parsley",4360.4392819355,"Quantified",4360.4392819355,"Quantified"
197,"FOOD00197","Broad bean",4243.07662259258,"Quantified",4243.07662259258,"Quantified"
166,"FOOD00166","Black elderberry",3601.2392512505,"Quantified",3601.2392512505,"Quantified"
122,"FOOD00122","Sweet marjoram",3310.04999983317,"Quantified",3310.04999983317,"Quantified"
389,"FOOD00384","Jackfruit",3300,"Quantified",3300,"Quantified"
175,"FOOD00175","Potato",3216.40757144357,"Quantified",3216.40757144357,"Quantified"
26,"FOOD00026","Borage",3212.5,"Quantified",3212.5,"Quantified"
87,"FOOD00087","Sea-buckthornberry",3211.04333364867,"Quantified",3211.04333364867,"Quantified"
196,"FOOD00196","Common verbena",3155,"Quantified",3155,"Quantified"
6,"FOOD00006","Garden onion",2997.27285,"Quantified",2997.27285,"Quantified"
159,"FOOD00159","Rosemary",2597.5988869487,"Quantified",2597.5988869487,"Quantified"
108,"FOOD00108","Lemon balm",2285.900000096,"Quantified",2285.900000096,"Quantified"
15,"FOOD00015","Wild celery",2249.59668192567,"Quantified",2249.59668192567,"Quantified"
632,"FOOD00618","Milk (Cow)",2177.83805594872,"Quantified",2177.83805594872,"Quantified"
938,"FOOD00906","Blackberry",2142.775,"Quantified",2142.775,"Quantified"
154,"FOOD00154","Garden rhubarb",2029.8600001,"Quantified",2029.8600001,"Quantified"
346,"FOOD00341","Cottonseed",2029.25,"Quantified",2029.25,"Quantified"
79,"FOOD00079","Common buckwheat",2013.38319865445,"Quantified",2013.38319865445,"Quantified"
102,"FOOD00102","Mexican oregano",1873.36194525867,"Quantified",1873.36194525867,"Quantified"
179,"FOOD00179","Cloves",1798.3569987875,"Quantified",1798.3569987875,"Quantified"
112,"FOOD00112","Spearmint",1713.538889183,"Quantified",1713.538889183,"Quantified"
135,"FOOD00135","Date",1688.481666747,"Quantified",1688.481666747,"Quantified"
326,"FOOD00321","Carob",1589.84666666667,"Quantified",1589.84666666667,"Quantified"
937,"FOOD00905","Andean blackberry",1531.8,"Quantified",1531.8,"Quantified"
111,"FOOD00111","Cornmint",1407.475,"Quantified",1407.475,"Quantified"
936,"FOOD00904","Tropical highland blackberry",1387.96,"Quantified",1387.96,"Quantified"
136,"FOOD00136","Black chokeberry",1370.2424196298,"Quantified",1370.2424196298,"Quantified"
119,"FOOD00119","Sweet basil",1324.76666665067,"Quantified",1324.76666665067,"Quantified"
45,"FOOD00045","Chestnut",1215.272225613,"Quantified",1215.272225613,"Quantified"
173,"FOOD00173","Garden tomato (var.)",1204.18237445517,"Quantified",1204.18237445517,"Quantified"
575,"FOOD00561","Wheat",1096.01202504983,"Quantified",1096.01202504983,"Quantified"
4,"FOOD00004","Kiwi",952.583055556,"Quantified",952.583055556,"Quantified"
69,"FOOD00069","Quince",865.505209420083,"Quantified",865.505209420083,"Quantified"
19,"FOOD00019","Tarragon",841.966666666667,"Quantified",841.966666666667,"Quantified"
39,"FOOD00039","Capers",828.934120246,"Quantified",828.934120246,"Quantified"
149,"FOOD00149","Peach",804.588333333333,"Quantified",804.588333333333,"Quantified"
168,"FOOD00168","Winter savory",750,"Quantified",750,"Quantified"
163,"FOOD00163","Black raspberry",743.79,"Quantified",743.79,"Quantified"
152,"FOOD00152","Pear",603.841515114239,"Quantified",603.841515114239,"Quantified"
57,"FOOD00057","Sweet orange",552.918032883833,"Quantified",552.918032883833,"Quantified"
41,"FOOD00041","Papaya",550.06,"Quantified",550.06,"Quantified"
363,"FOOD00358","Elderberry",518.05,"Quantified",518.05,"Quantified"
707,"FOOD00685","Cocoa powder",490.541861910333,"Quantified",490.541861910333,"Quantified"
137,"FOOD00137","Anise",453.00000003,"Quantified",453.00000003,"Quantified"
42,"FOOD00042","Safflower",450,"Quantified",450,"Quantified"
144,"FOOD00144","Apricot",446.69057206385,"Quantified",446.69057206385,"Quantified"
17,"FOOD00017","Burdock",372.915,"Quantified",372.915,"Quantified"
63,"FOOD00063","Saffron",356.23285848,"Quantified",356.23285848,"Quantified"
930,"FOOD00898","Rabbiteye blueberry",347.78,"Quantified",347.78,"Quantified"
933,"FOOD00901","Evergreen blackberry",333.99,"Quantified",333.99,"Quantified"
709,"FOOD00687","Chocolate",308.927499944,"Quantified",308.927499944,"Quantified"
133,"FOOD00133","Lima bean",295.215,"Quantified",295.215,"Quantified"
121,"FOOD00121","Olive",288.862116401941,"Quantified",288.862116401941,"Quantified"
700,"FOOD00678","Curry powder",285.263157895,"Quantified",285.263157895,"Quantified"
101,"FOOD00101","Flaxseed",277.798753167,"Quantified",277.798753167,"Quantified"
202,"FOOD00202","Cowpea",277.55,"Quantified",277.55,"Quantified"
174,"FOOD00174","Eggplant",243.705826674867,"Quantified",243.705826674867,"Quantified"
259,"FOOD00259","Italian oregano",226.635006486,"Quantified",226.635006486,"Quantified"
160,"FOOD00160","Rubus (Blackberry, Raspberry)",222.765984134252,"Quantified",222.765984134252,"Quantified"
191,"FOOD00191","Highbush blueberry",217.708698228683,"Quantified",217.708698228683,"Quantified"
249,"FOOD00249","Celery leaves",208.500005483,"Quantified",208.500005483,"Quantified"
105,"FOOD00105","Apple",206.370315336832,"Quantified",206.370315336832,"Quantified"
85,"FOOD00085","Soy bean",204.23684444216,"Quantified",204.23684444216,"Quantified"
916,"FOOD00884","Saskatoon berry",197.52,"Quantified",197.52,"Quantified"
49,"FOOD00049","Chicory",190.125,"Quantified",190.125,"Quantified"
145,"FOOD00145","Sweet cherry",187.4741174455,"Quantified",187.4741174455,"Quantified"
100,"FOOD00100","Lovage",177,"Quantified",177,"Quantified"
143,"FOOD00143","Prunus (Cherry, Plum)",169.501,"Quantified",169.501,"Quantified"
58,"FOOD00058","Coffee",159.317162346333,"Quantified",159.317162346333,"Quantified"
10,"FOOD00010","Lemon verbena",156.010331751,"Quantified",156.010331751,"Quantified"
943,"FOOD00911","Red wine",148.225,"Quantified",148.225,"Quantified"
189,"FOOD00189","Lowbush blueberry",144.326886558,"Quantified",144.326886558,"Quantified"
60,"FOOD00060","Robusta coffee",143.701884339167,"Quantified",143.701884339167,"Quantified"
192,"FOOD00192","American cranberry",142.020348688685,"Quantified",142.020348688685,"Quantified"
194,"FOOD00194","Lingonberry",130.591638210533,"Quantified",130.591638210533,"Quantified"
188,"FOOD00188","Vaccinium (Blueberry, Cranberry, Huckleberry)",126.035166666667,"Quantified",126.035166666667,"Quantified"
240,"FOOD00240","Japanese walnut",125.539733887,"Quantified",125.539733887,"Quantified"
270,"FOOD00270","Breakfast cereal",122.8954013985,"Quantified",122.8954013985,"Quantified"
626,"FOOD00612","Grape wine",117.903028936751,"Quantified",117.903028936751,"Quantified"
153,"FOOD00153","Radish",117.558333333333,"Quantified",117.558333333333,"Quantified"
207,"FOOD00207","Arctic blackberry",115.5249995715,"Quantified",115.5249995715,"Quantified"
243,"FOOD00243","Shallot",112.225162506,"Quantified",112.225162506,"Quantified"
927,"FOOD00895","Juniperus communis",111.35,"Quantified",111.35,"Quantified"
178,"FOOD00178","Spinach",108.4476784285,"Quantified",108.4476784285,"Quantified"
30,"FOOD00030","Common cabbage",107.877427161013,"Quantified",107.877427161013,"Quantified"
226,"FOOD00226","Garden onion (var.)",105.901308237265,"Quantified",105.901308237265,"Quantified"
83,"FOOD00083","Strawberry",105.71065279,"Quantified",105.71065279,"Quantified"
134,"FOOD00134","Common bean",103.991325910025,"Quantified",103.991325910025,"Quantified"
355,"FOOD00350","Dock",102.2,"Quantified",102.2,"Quantified"
914,"FOOD00882","Yellow wax bean",82.6794883823333,"Quantified",82.6794883823333,"Quantified"
86,"FOOD00086","Sunflower",82.4860417196667,"Quantified",82.4860417196667,"Quantified"
915,"FOOD00883","Green bean",80.7996893411667,"Quantified",80.7996893411667,"Quantified"
256,"FOOD00256","Grapefruit",80.7921510538873,"Quantified",80.7921510538873,"Quantified"
398,"FOOD00393","Kumquat",79.26,"Quantified",79.26,"Quantified"
81,"FOOD00081","Fig",78.845000002,"Quantified",78.845000002,"Quantified"
909,"FOOD00877","Green bell pepper",78.2503333290833,"Quantified",78.2503333290833,"Quantified"
881,"FOOD00851","Cabbage",77.575,"Quantified",77.575,"Quantified"
227,"FOOD00227","Summer grape",76.64999914,"Quantified",76.64999914,"Quantified"
187,"FOOD00187","Common wheat",76.466006351,"Quantified",76.466006351,"Quantified"
13,"FOOD00013","Dill",71.6198216531667,"Quantified",71.6198216531667,"Quantified"
82,"FOOD00082","Fennel",69.8241661195,"Quantified",69.8241661195,"Quantified"
244,"FOOD00244","Rocket salad",68.75,"Quantified",68.75,"Quantified"
1,"FOOD00001","Angelica",68.542857494,"Quantified",68.542857494,"Quantified"
54,"FOOD00054","Lemon",66.5647847157833,"Quantified",66.5647847157833,"Quantified"
53,"FOOD00053","Lime",66.398572288,"Quantified",66.398572288,"Quantified"
255,"FOOD00255","Grapefruit/Pummelo hybrid",66.100000169,"Quantified",66.100000169,"Quantified"
919,"FOOD00887","White cabbage",65.6900000035,"Quantified",65.6900000035,"Quantified"
272,"FOOD00271","Other soy product",65.5012080263095,"Quantified",65.5012080263095,"Quantified"
374,"FOOD00369","Grape",64.6985476190476,"Quantified",64.6985476190476,"Quantified"
170,"FOOD00170","Sesame",63.353249485,"Quantified",63.353249485,"Quantified"
27,"FOOD00027","Chinese mustard",63.3,"Quantified",63.3,"Quantified"
237,"FOOD00237","Swiss chard",62.9974502848214,"Quantified",62.9974502848214,"Quantified"
56,"FOOD00056","Mandarin orange (Clementine, Tangerine)",62.9445827743333,"Quantified",62.9445827743333,"Quantified"
409,"FOOD00404","Malabar spinach",62.2,"Quantified",62.2,"Quantified"
634,"FOOD00620","Yogurt",61.9987335833333,"Quantified",61.9987335833333,"Quantified"
792,"FOOD00767","Soy yogurt",61.9987335833333,"Quantified",61.9987335833333,"Quantified"
837,"FOOD00809","Rye bread",61.8426148055,"Quantified",61.8426148055,"Quantified"
156,"FOOD00156","Redcurrant",60.9290700881,"Quantified",60.9290700881,"Quantified"
761,"FOOD00736","Soy milk",60.6390080652944,"Quantified",60.6390080652944,"Quantified"
250,"FOOD00250","Chicory leaves",59.8881668645,"Quantified",59.8881668645,"Quantified"
72,"FOOD00072","Wild carrot",58.4,"Quantified",58.4,"Quantified"
77,"FOOD00077","Rocket salad (ssp.)",57.93,"Quantified",57.93,"Quantified"
22,"FOOD00022","Oat",57.8097259233333,"Quantified",57.8097259233333,"Quantified"
391,"FOOD00386","Java plum",55.09,"Quantified",55.09,"Quantified"
252,"FOOD00252","Pak choy",54.40000043,"Quantified",54.40000043,"Quantified"
34,"FOOD00034","Broccoli",53.337818250881,"Quantified",53.337818250881,"Quantified"
67,"FOOD00067","Cumin",53.049998641,"Quantified",53.049998641,"Quantified"
32,"FOOD00032","Brussel sprouts",50.6466666603333,"Quantified",50.6466666603333,"Quantified"
55,"FOOD00055","Pummelo",48.313333617,"Quantified",48.313333617,"Quantified"
815,"FOOD00790","Natto",48.21,"Quantified",48.21,"Quantified"
169,"FOOD00169","Rye",47.0746891415,"Quantified",47.0746891415,"Quantified"
230,"FOOD00230","Peach (var.)",46.524986233,"Quantified",46.524986233,"Quantified"
701,"FOOD00679","Other candy",45.5933333333333,"Quantified",45.5933333333333,"Quantified"
88,"FOOD00088","Barley",41.655581798,"Quantified",41.655581798,"Quantified"
21,"FOOD00021","Asparagus",40.3403331803333,"Quantified",40.3403331803333,"Quantified"
717,"FOOD00695","Miso",39.7348109013333,"Quantified",39.7348109013333,"Quantified"
743,"FOOD00718","Heart of palm",38.6866666666667,"Quantified",38.6866666666667,"Quantified"
212,"FOOD00212","Bog bilberry",37.373333109,"Quantified",37.373333109,"Quantified"
718,"FOOD00696","Tofu",36.7888022849606,"Quantified",36.7888022849606,"Quantified"
657,"FOOD00639","Other snack food",36.785,"Quantified",36.785,"Quantified"
176,"FOOD00176","Rowanberry",36.6543700215,"Quantified",36.6543700215,"Quantified"
71,"FOOD00071","Globe artichoke",35.5433333578333,"Quantified",35.5433333578333,"Quantified"
257,"FOOD00257","Jostaberry",34.779999917,"Quantified",34.779999917,"Quantified"
43,"FOOD00043","Caraway",32.799999238,"Quantified",32.799999238,"Quantified"
44,"FOOD00044","Pecan nut",32.4549997135,"Quantified",32.4549997135,"Quantified"
48,"FOOD00048","Endive",31.257797121,"Quantified",31.257797121,"Quantified"
127,"FOOD00127","Poppy",31.01,"Quantified",31.01,"Quantified"
333,"FOOD00328","Chia",30.72,"Quantified",30.72,"Quantified"
394,"FOOD00389","Jute",30.07,"Quantified",30.07,"Quantified"
61,"FOOD00061","Coriander",29.1441664376667,"Quantified",29.1441664376667,"Quantified"
206,"FOOD00206","Ginger",29.1233333333333,"Quantified",29.1233333333333,"Quantified"
282,"FOOD00281","Acerola",28.34,"Quantified",28.34,"Quantified"
557,"FOOD00543","Persian lime",28.33,"Quantified",28.33,"Quantified"
248,"FOOD00248","Half-highbush blueberry",27.923333803,"Quantified",27.923333803,"Quantified"
229,"FOOD00229","Nectarine",26.8095854755,"Quantified",26.8095854755,"Quantified"
161,"FOOD00161","Cloudberry",26.7111977015,"Quantified",26.7111977015,"Quantified"
241,"FOOD00241","Welsh onion",25.0081,"Quantified",25.0081,"Quantified"
14,"FOOD00014","Custard apple",24.98000004,"Quantified",24.98000004,"Quantified"
51,"FOOD00051","Ceylon cinnamon",24.200000763,"Quantified",24.200000763,"Quantified"
141,"FOOD00141","Common pea",23.8526666666667,"Quantified",23.8526666666667,"Quantified"
245,"FOOD00245","Carrot",23.7035804887905,"Quantified",23.7035804887905,"Quantified"
384,"FOOD00379","Horseradish tree",23.04,"Quantified",23.04,"Quantified"
242,"FOOD00242","Hard wheat",22.4140960545,"Quantified",22.4140960545,"Quantified"
157,"FOOD00157","Gooseberry",21.5598463575,"Quantified",21.5598463575,"Quantified"
422,"FOOD00415","New Zealand spinach",21.5,"Quantified",21.5,"Quantified"
427,"FOOD00420","Okra",20.97,"Quantified",20.97,"Quantified"
92,"FOOD00092","Sweet potato",20.9283333333333,"Quantified",20.9283333333333,"Quantified"
90,"FOOD00090","Star anise",20.200000763,"Quantified",20.200000763,"Quantified"
880,"FOOD00850","Soft-necked garlic",20,"Quantified",20,"Quantified"
158,"FOOD00158","Watercress",19.755,"Quantified",19.755,"Quantified"
725,"FOOD00701","Snack bar",19.7366666666667,"Quantified",19.7366666666667,"Quantified"
9,"FOOD00009","Chives",19.4133333041667,"Quantified",19.4133333041667,"Quantified"
5,"FOOD00005","Allium",18.8535714285714,"Quantified",18.8535714285714,"Quantified"
671,"FOOD00652","Sausage",18.35,"Quantified",18.35,"Quantified"
630,"FOOD00616","Liquor",17.922500074,"Quantified",17.922500074,"Quantified"
95,"FOOD00095","Lettuce",17.7273618045,"Quantified",17.7273618045,"Quantified"
76,"FOOD00076","Loquat",17.705714387,"Quantified",17.705714387,"Quantified"
140,"FOOD00140","Pistachio",17.0224443608333,"Quantified",17.0224443608333,"Quantified"
971,"FOOD00939","Salted butter",16.93,"Quantified",16.93,"Quantified"
40,"FOOD00040","Pepper",16.7047209661341,"Quantified",16.7047209661341,"Quantified"
217,"FOOD00217","European cranberry",16.6812497975,"Quantified",16.6812497975,"Quantified"
118,"FOOD00118","Nutmeg",16.299999237,"Quantified",16.299999237,"Quantified"
264,"FOOD00264","Red beetroot",16.289999976,"Quantified",16.289999976,"Quantified"
223,"FOOD00223","Red huckleberry",15.900000194,"Quantified",15.900000194,"Quantified"
205,"FOOD00205","Corn",15.2920342435,"Quantified",15.2920342435,"Quantified"
186,"FOOD00186","Fenugreek",14.855699668,"Quantified",14.855699668,"Quantified"
29,"FOOD00029","Rape",14.434226518,"Quantified",14.434226518,"Quantified"
710,"FOOD00688","Hot chocolate",14.2258181725,"Quantified",14.2258181725,"Quantified"
99,"FOOD00099","Garden cress",13.6666666666667,"Quantified",13.6666666666667,"Quantified"
274,"FOOD00273","Pasta",13.364341728,"Quantified",13.364341728,"Quantified"
836,"FOOD00808","Wheat bread",13.0128452409286,"Quantified",13.0128452409286,"Quantified"
793,"FOOD00768","Vegetarian food",12.95875,"Quantified",12.95875,"Quantified"
148,"FOOD00148","Almond",12.3023832873333,"Quantified",12.3023832873333,"Quantified"
949,"FOOD00917","White wine",11.555,"Quantified",11.555,"Quantified"
395,"FOOD00390","Kale",11.495,"Quantified",11.495,"Quantified"
247,"FOOD00247","Black cabbage",11.39,"Quantified",11.39,"Quantified"
664,"FOOD00645","Salad dressing",11.3,"Quantified",11.3,"Quantified"
920,"FOOD00888","Romaine lettuce",11.0501,"Quantified",11.0501,"Quantified"
770,"FOOD00745","Semolina",10.648395006,"Quantified",10.648395006,"Quantified"
129,"FOOD00129","Parsnip",10.36159499,"Quantified",10.36159499,"Quantified"
268,"FOOD00268","Beer",10.2301581134798,"Quantified",10.2301581134798,"Quantified"
36,"FOOD00036","Turnip",10.1634332554167,"Quantified",10.1634332554167,"Quantified"
65,"FOOD00065","Cucumber",10.1491083329167,"Quantified",10.1491083329167,"Quantified"
222,"FOOD00222","Evergreen huckleberry",10.015000343,"Quantified",10.015000343,"Quantified"
381,"FOOD00376","Hazelnut",9.73,"Quantified",9.73,"Quantified"
172,"FOOD00172","Cherry tomato",9.63162698666667,"Quantified",9.63162698666667,"Quantified"
442,"FOOD00434","Pitanga",9.56,"Quantified",9.56,"Quantified"
436,"FOOD00428","Pepper (C. frutescens)",9.5,"Quantified",9.5,"Quantified"
75,"FOOD00075","Black crowberry",9.19000004766667,"Quantified",9.19000004766667,"Quantified"
84,"FOOD00084","Black huckleberry",9.089999914,"Quantified",9.089999914,"Quantified"
220,"FOOD00220","Cascade huckleberry",8.970000088,"Quantified",8.970000088,"Quantified"
265,"FOOD00265","Sweet rowanberry",8.5,"Quantified",8.5,"Quantified"
665,"FOOD00646","Sauce",8.35333333333333,"Quantified",8.35333333333333,"Quantified"
228,"FOOD00228","Fox grape",8.240000032,"Quantified",8.240000032,"Quantified"
221,"FOOD00221","Oval-leaf huckleberry",7.876666565,"Quantified",7.876666565,"Quantified"
649,"FOOD00632","Sherry",7.768146961,"Quantified",7.768146961,"Quantified"
35,"FOOD00035","Chinese cabbage",7.392,"Quantified",7.392,"Quantified"
553,"FOOD00540","Yardlong bean",7,"Quantified",7,"Quantified"
645,"FOOD00628","Vinegar",6.69858497516667,"Quantified",6.69858497516667,"Quantified"
33,"FOOD00033","Kohlrabi",6.51999992066667,"Quantified",6.51999992066667,"Quantified"
28,"FOOD00028","Swede",6.491249944,"Quantified",6.491249944,"Quantified"
98,"FOOD00098","Lentils",6.228500046,"Quantified",6.228500046,"Quantified"
449,"FOOD00440","Prickly pear",5.69,"Quantified",5.69,"Quantified"
177,"FOOD00177","Sorghum",5.565,"Quantified",5.565,"Quantified"
910,"FOOD00878","Yellow bell pepper",5.34912833851667,"Quantified",5.34912833851667,"Quantified"
911,"FOOD00879","Orange bell pepper",4.62,"Quantified",4.62,"Quantified"
62,"FOOD00062","Common hazelnut",4.4,"Quantified",4.4,"Quantified"
912,"FOOD00880","Red bell pepper",4.367803657,"Quantified",4.367803657,"Quantified"
18,"FOOD00018","Horseradish",4.265000035,"Quantified",4.265000035,"Quantified"
97,"FOOD00097","Sweet bay",4.005,"Quantified",4.005,"Quantified"
16,"FOOD00016","Peanut",3.9685499908,"Quantified",3.9685499908,"Quantified"
142,"FOOD00142","Purslane",3.52,"Quantified",3.52,"Quantified"
8,"FOOD00008","Garlic",3.39328333333333,"Quantified",3.39328333333333,"Quantified"
907,"FOOD00875","Green zucchini",3.310016677,"Quantified",3.310016677,"Quantified"
215,"FOOD00215","Celery stalks",3.2630000055,"Quantified",3.2630000055,"Quantified"
401,"FOOD00396","Wild leek",2.98,"Quantified",2.98,"Quantified"
114,"FOOD00114","Medlar",2.949999944,"Quantified",2.949999944,"Quantified"
913,"FOOD00881","Italian sweet red pepper",2.69660555433333,"Quantified",2.69660555433333,"Quantified"
214,"FOOD00214","Celeriac",2.590000078,"Quantified",2.590000078,"Quantified"
208,"FOOD00208","Banana",2.5117577135,"Quantified",2.5117577135,"Quantified"
117,"FOOD00117","Black mulberry",2.47,"Quantified",2.47,"Quantified"
107,"FOOD00107","German camomile",2.430000082,"Quantified",2.430000082,"Quantified"
66,"FOOD00066","Cucurbita",2.41432930616667,"Quantified",2.41432930616667,"Quantified"
407,"FOOD00402","Sacred lotus",2.15,"Quantified",2.15,"Quantified"
660,"FOOD00641","Pastry",2.14714285714286,"Quantified",2.14714285714286,"Quantified"
262,"FOOD00262","Black radish",2.110000134,"Quantified",2.110000134,"Quantified"
216,"FOOD00216","Chinese chives",2.0699999955,"Quantified",2.0699999955,"Quantified"
91,"FOOD00091","Swamp cabbage",1.97,"Quantified",1.97,"Quantified"
171,"FOOD00171","Garden tomato",1.87649857142857,"Quantified",1.87649857142857,"Quantified"
908,"FOOD00876","Yellow zucchini",1.836666677,"Quantified",1.836666677,"Quantified"
31,"FOOD00031","Cauliflower",1.8296666627,"Quantified",1.8296666627,"Quantified"
287,"FOOD00286","Alfalfa",1.72,"Quantified",1.72,"Quantified"
716,"FOOD00694","Soy sauce",1.6826825095,"Quantified",1.6826825095,"Quantified"
314,"FOOD00311","Rapini",1.65,"Quantified",1.65,"Quantified"
393,"FOOD00388","Jujube",1.57,"Quantified",1.57,"Quantified"
627,"FOOD00613","Berry wine",1.48708336175,"Quantified",1.48708336175,"Quantified"
289,"FOOD00288","Amaranth",1.43,"Quantified",1.43,"Quantified"
2,"FOOD00002","Savoy cabbage",1.400000006,"Quantified",1.400000006,"Quantified"
52,"FOOD00052","Watermelon",1.374999957,"Quantified",1.374999957,"Quantified"
277,"FOOD00276","Spirit",1.371055596,"Quantified",1.371055596,"Quantified"
73,"FOOD00073","Japanese persimmon",1.279999998,"Quantified",1.279999998,"Quantified"
731,"FOOD00707","Chili",1.225,"Quantified",1.225,"Quantified"
437,"FOOD00429","Common persimmon",1.2,"Quantified",1.2,"Quantified"
918,"FOOD00886","Japanese pumpkin",1.14825,"Quantified",1.14825,"Quantified"
64,"FOOD00064","Muskmelon",1.12999997466667,"Quantified",1.12999997466667,"Quantified"
643,"FOOD00626","Honey",1.1,"Quantified",1.1,"Quantified"
499,"FOOD00488","Taro",1.07916666666667,"Quantified",1.07916666666667,"Quantified"
506,"FOOD00495","Cattle (Beef, Veal)",0.99,"Quantified",0.99,"Quantified"
640,"FOOD00623","Whisky",0.929469674,"Quantified",0.929469674,"Quantified"
203,"FOOD00203","Muscadine grape",0.915892853,"Quantified",0.915892853,"Quantified"
781,"FOOD00756","Ketchup",0.87,"Quantified",0.87,"Quantified"
198,"FOOD00198","Adzuki bean",0.83,"Quantified",0.83,"Quantified"
659,"FOOD00640","Crisp bread",0.813333333333333,"Quantified",0.813333333333333,"Quantified"
199,"FOOD00199","Gram bean",0.8118,"Quantified",0.8118,"Quantified"
850,"FOOD00821","Fruit-flavor drink",0.8,"Quantified",0.8,"Quantified"
132,"FOOD00132","Scarlet bean",0.705,"Quantified",0.705,"Quantified"
263,"FOOD00263","Radish (var.)",0.649999995,"Quantified",0.649999995,"Quantified"
692,"FOOD00670","Soup",0.64,"Quantified",0.64,"Quantified"
873,"FOOD00844","Margarine-like spread",0.57,"Quantified",0.57,"Quantified"
37,"FOOD00037","Pigeon pea",0.54,"Quantified",0.54,"Quantified"
200,"FOOD00200","Mung bean",0.54,"Quantified",0.54,"Quantified"
25,"FOOD00025","Common beet",0.5,"Quantified",0.5,"Quantified"
441,"FOOD00433","Colorado pinyon",0.49,"Quantified",0.49,"Quantified"
233,"FOOD00233","Pepper (Capsicum)",0.37,"Quantified",0.37,"Quantified"
779,"FOOD00754","Nutritional drink",0.35,"Quantified",0.35,"Quantified"
261,"FOOD00261","Daikon radish",0.34,"Quantified",0.34,"Quantified"
646,"FOOD00629","Rum",0.280000005,"Quantified",0.280000005,"Quantified"
654,"FOOD00636","Cake",0.255,"Quantified",0.255,"Quantified"
832,"FOOD00805","Other bread product",0.25,"Quantified",0.25,"Quantified"
47,"FOOD00047","Chickpea",0.22,"Quantified",0.22,"Quantified"
12,"FOOD00012","Pineapple",0.203666668666667,"Quantified",0.203666668666667,"Quantified"
503,"FOOD00492","Towel gourd",0.17,"Quantified",0.17,"Quantified"
525,"FOOD00514","Albacore tuna",0.17,"Quantified",0.17,"Quantified"
408,"FOOD00403","White lupine",0.15,"Quantified",0.15,"Quantified"
842,"FOOD00814","Multigrain bread",0.15,"Quantified",0.15,"Quantified"
125,"FOOD00125","Rice",0.14709999875,"Quantified",0.14709999875,"Quantified"
917,"FOOD00885","Nanking cherry",0.1,"Quantified",0.1,"Quantified"
258,"FOOD00258","Kai-lan",0.087999999,"Quantified",0.087999999,"Quantified"
519,"FOOD00508","Yam",0.0833333333333333,"Quantified",0.0833333333333333,"Quantified"
906,"FOOD00874","Sunburst squash (pattypan squash)",0.06,"Quantified",0.06,"Quantified"
253,"FOOD00253","Napa cabbage",0.0599999995,"Quantified",0.0599999995,"Quantified"
621,"FOOD00607","Thunnus",0.05,"Quantified",0.05,"Quantified"
686,"FOOD00665","Other fish product",0.05,"Quantified",0.05,"Quantified"
534,"FOOD00523","Black-eyed pea",0.02,"Quantified",0.02,"Quantified"
128,"FOOD00128","Passion fruit",0.01,"Quantified",0.01,"Quantified"
275,"FOOD00274","Biscuit",0.01,"Quantified",0.01,"Quantified"
341,"FOOD00336","Coconut",0.01,"Quantified",0.01,"Quantified"
633,"FOOD00619","Eggs",0.01,"Quantified",0.01,"Quantified"
638,"FOOD00621","Bean",0.01,"Quantified",0.01,"Quantified"
655,"FOOD00637","Pizza",0.01,"Quantified",0.01,"Quantified"
730,"FOOD00706","Baked beans",0.01,"Quantified",0.01,"Quantified"
812,"FOOD00787","Cracker",0.01,"Quantified",0.01,"Quantified"
851,"FOOD00822","Vegetable juice",0.01,"Quantified",0.01,"Quantified"
874,"FOOD00845","Hummus",0.01,"Quantified",0.01,"Quantified"
334,"FOOD00329","Chicken",0,"Unquantified but Predicted or Expected",0,"Quantified"
505,"FOOD00494","Turkey",0,"Unquantified but Predicted or Expected",0,"Quantified"
549,"FOOD00536","Domestic pig",0,"Unquantified but Predicted or Expected",0,"Quantified"
399,"FOOD00394","Lambsquarters",0,"Unquantified but Predicted or Expected",0,"Quantified"
293,"FOOD00292","Atlantic herring",0,"Unquantified but Predicted or Expected",0,"Quantified"
483,"FOOD00473","Sheep (Mutton, Lamb)",0,"Unquantified but Predicted or Expected",0,"Quantified"
541,"FOOD00529","Domestic goat",0,"Unquantified but Predicted or Expected",0,"Quantified"
535,"FOOD00524","Deer",0,"Unquantified but Predicted or Expected",0,"Quantified"
590,"FOOD00576","Anatidae",0,"Unquantified but Predicted or Expected",0,"Quantified"
358,"FOOD00353","Mallard duck",0,"Unquantified but Predicted or Expected",0,"Quantified"
373,"FOOD00368","Greylag goose",0,"Unquantified but Predicted or Expected",0,"Quantified"
280,"FOOD00279","Abalone",0,"Unquantified but Predicted or Expected",0,"Quantified"
303,"FOOD00301","Bison",0,"Unquantified but Predicted or Expected",0,"Quantified"
310,"FOOD00307","Wild boar",0,"Unquantified but Predicted or Expected",0,"Quantified"
316,"FOOD00312","Buffalo",0,"Unquantified but Predicted or Expected",0,"Quantified"
319,"FOOD00315","American butterfish",0,"Unquantified but Predicted or Expected",0,"Quantified"
317,"FOOD00313","Burbot",0,"Unquantified but Predicted or Expected",0,"Quantified"
354,"FOOD00349","Devilfish",0,"Unquantified but Predicted or Expected",0,"Quantified"
364,"FOOD00359","Elk",0,"Unquantified but Predicted or Expected",0,"Quantified"
365,"FOOD00360","Emu",0,"Unquantified but Predicted or Expected",0,"Quantified"
378,"FOOD00373","Guinea hen",0,"Unquantified but Predicted or Expected",0,"Quantified"
383,"FOOD00378","Horse",0,"Unquantified but Predicted or Expected",0,"Quantified"
430,"FOOD00422","Ostrich",0,"Unquantified but Predicted or Expected",0,"Quantified"
435,"FOOD00427","Velvet duck",0,"Unquantified but Predicted or Expected",0,"Quantified"
438,"FOOD00430","Pheasant",0,"Unquantified but Predicted or Expected",0,"Quantified"
451,"FOOD00442","European rabbit",0,"Unquantified but Predicted or Expected",0,"Quantified"
491,"FOOD00481","Squab",0,"Unquantified but Predicted or Expected",0,"Quantified"
540,"FOOD00528","Rabbit",0,"Unquantified but Predicted or Expected",0,"Quantified"
542,"FOOD00530","Beefalo",0,"Unquantified but Predicted or Expected",0,"Quantified"
555,"FOOD00541","Quail",0,"Unquantified but Predicted or Expected",0,"Quantified"
554,"","Owl, horned, flesh, raw (Alaska Native)",0,"Unquantified but Predicted or Expected",0,"Quantified"
595,"FOOD00581","Mountain hare",0,"Unquantified but Predicted or Expected",0,"Quantified"
611,"FOOD00597","Rock ptarmigan",0,"Unquantified but Predicted or Expected",0,"Quantified"
624,"FOOD00610","Columbidae (Dove, Pigeon)",0,"Unquantified but Predicted or Expected",0,"Quantified"
625,"FOOD00611","Conch",0,"Unquantified but Predicted or Expected",0,"Quantified"
278,"FOOD00277","Fortified wine",NA,"Polyphenols Absent in FooDB",0,"Quantified"
279,"FOOD00278","Other alcoholic beverage",NA,"Polyphenols Absent in FooDB",0,"Quantified"
286,"FOOD00285","Red king crab",NA,"Polyphenols Absent in FooDB",0,"Quantified"
294,"FOOD00293","Atlantic mackerel",NA,"Polyphenols Absent in FooDB",0,"Quantified"
295,"FOOD00294","Painted comber",NA,"Polyphenols Absent in FooDB",0,"Quantified"
296,"FOOD00295","Atlantic pollock",NA,"Polyphenols Absent in FooDB",0,"Quantified"
297,"FOOD00296","Atlantic wolffish",NA,"Polyphenols Absent in FooDB",0,"Quantified"
299,"FOOD00298","Striped bass",NA,"Polyphenols Absent in FooDB",0,"Quantified"
302,"FOOD00300","Beluga whale",NA,"Polyphenols Absent in FooDB",0,"Quantified"
305,"FOOD00302","Alaska blackfish",NA,"Polyphenols Absent in FooDB",0,"Quantified"
306,"FOOD00303","Blue crab",NA,"Polyphenols Absent in FooDB",0,"Quantified"
307,"FOOD00304","Blue mussel",NA,"Polyphenols Absent in FooDB",0,"Quantified"
308,"FOOD00305","Northern bluefin tuna",NA,"Polyphenols Absent in FooDB",0,"Quantified"
309,"FOOD00306","Bluefish",NA,"Polyphenols Absent in FooDB",0,"Quantified"
311,"FOOD00308","Bowhead whale",NA,"Polyphenols Absent in FooDB",0,"Quantified"
327,"FOOD00322","Common carp",NA,"Polyphenols Absent in FooDB",0,"Quantified"
329,"FOOD00324","Channel catfish",NA,"Polyphenols Absent in FooDB",0,"Quantified"
339,"FOOD00334","Cisco",NA,"Polyphenols Absent in FooDB",0,"Quantified"
340,"FOOD00335","Nuttall cockle",NA,"Polyphenols Absent in FooDB",0,"Quantified"
342,"FOOD00337","Pacific cod",NA,"Polyphenols Absent in FooDB",0,"Quantified"
343,"FOOD00338","Atlantic cod",NA,"Polyphenols Absent in FooDB",0,"Quantified"
344,"FOOD00339","Common octopus",NA,"Polyphenols Absent in FooDB",0,"Quantified"
350,"FOOD00345","Atlantic croaker",NA,"Polyphenols Absent in FooDB",0,"Quantified"
351,"FOOD00346","Cusk",NA,"Polyphenols Absent in FooDB",0,"Quantified"
352,"FOOD00347","Cuttlefish",NA,"Polyphenols Absent in FooDB",0,"Quantified"
356,"FOOD00351","Dolphin fish",NA,"Polyphenols Absent in FooDB",0,"Quantified"
357,"FOOD00352","Freshwater drum",NA,"Polyphenols Absent in FooDB",0,"Quantified"
359,"FOOD00354","Dungeness crab",NA,"Polyphenols Absent in FooDB",0,"Quantified"
361,"FOOD00356","Eastern oyster",NA,"Polyphenols Absent in FooDB",0,"Quantified"
362,"FOOD00357","Freshwater eel",NA,"Polyphenols Absent in FooDB",0,"Quantified"
367,"FOOD00362","European anchovy",NA,"Polyphenols Absent in FooDB",0,"Quantified"
369,"FOOD00364","Turbot",NA,"Polyphenols Absent in FooDB",0,"Quantified"
371,"FOOD00366","Florida pompano",NA,"Polyphenols Absent in FooDB",0,"Quantified"
375,"FOOD00370","Greenland halibut/turbot",NA,"Polyphenols Absent in FooDB",0,"Quantified"
377,"FOOD00372","Grouper",NA,"Polyphenols Absent in FooDB",0,"Quantified"
379,"FOOD00374","Haddock",NA,"Polyphenols Absent in FooDB",0,"Quantified"
380,"FOOD00375","Hippoglossus (Common halibut)",NA,"Polyphenols Absent in FooDB",0,"Quantified"
388,"FOOD00383","Pacific jack mackerel",NA,"Polyphenols Absent in FooDB",0,"Quantified"
397,"FOOD00392","King mackerel",NA,"Polyphenols Absent in FooDB",0,"Quantified"
400,"FOOD00395","Leather chiton",NA,"Polyphenols Absent in FooDB",0,"Quantified"
402,"FOOD00397","Common ling",NA,"Polyphenols Absent in FooDB",0,"Quantified"
403,"FOOD00398","Lingcod",NA,"Polyphenols Absent in FooDB",0,"Quantified"
404,"FOOD00399","American lobster",NA,"Polyphenols Absent in FooDB",0,"Quantified"
413,"FOOD00408","Milkfish",NA,"Polyphenols Absent in FooDB",0,"Quantified"
414,"FOOD00409","Monkfish",NA,"Polyphenols Absent in FooDB",0,"Quantified"
418,"FOOD00412","Striped mullet",NA,"Polyphenols Absent in FooDB",0,"Quantified"
424,"FOOD00417","Ocean pout",NA,"Polyphenols Absent in FooDB",0,"Quantified"
425,"FOOD00418","North Pacific giant octopus",NA,"Polyphenols Absent in FooDB",0,"Quantified"
428,"FOOD00421","Tunicate",NA,"Polyphenols Absent in FooDB",0,"Quantified"
431,"FOOD00423","Spotted seal",NA,"Polyphenols Absent in FooDB",0,"Quantified"
432,"FOOD00424","Pacific herring",NA,"Polyphenols Absent in FooDB",0,"Quantified"
433,"FOOD00425","Pacific oyster",NA,"Polyphenols Absent in FooDB",0,"Quantified"
434,"FOOD00426","Pacific rockfish",NA,"Polyphenols Absent in FooDB",0,"Quantified"
439,"FOOD00431","Northern pike",NA,"Polyphenols Absent in FooDB",0,"Quantified"
453,"FOOD00443","Rainbow smelt",NA,"Polyphenols Absent in FooDB",0,"Quantified"
454,"FOOD00444","Rainbow trout",NA,"Polyphenols Absent in FooDB",0,"Quantified"
458,"FOOD00448","Orange roughy",NA,"Polyphenols Absent in FooDB",0,"Quantified"
459,"FOOD00449","Sablefish",NA,"Polyphenols Absent in FooDB",0,"Quantified"
460,"FOOD00450","Pink salmon",NA,"Polyphenols Absent in FooDB",0,"Quantified"
461,"FOOD00451","Chum salmon",NA,"Polyphenols Absent in FooDB",0,"Quantified"
462,"FOOD00452","Coho salmon",NA,"Polyphenols Absent in FooDB",0,"Quantified"
463,"FOOD00453","Sockeye salmon",NA,"Polyphenols Absent in FooDB",0,"Quantified"
464,"FOOD00454","Chinook salmon",NA,"Polyphenols Absent in FooDB",0,"Quantified"
465,"FOOD00455","Atlantic salmon",NA,"Polyphenols Absent in FooDB",0,"Quantified"
470,"FOOD00460","Spanish mackerel",NA,"Polyphenols Absent in FooDB",0,"Quantified"
471,"FOOD00461","Pacific sardine",NA,"Polyphenols Absent in FooDB",0,"Quantified"
472,"FOOD00462","Scallop",NA,"Polyphenols Absent in FooDB",0,"Quantified"
473,"FOOD00463","Scup",NA,"Polyphenols Absent in FooDB",0,"Quantified"
474,"FOOD00464","Sea cucumber",NA,"Polyphenols Absent in FooDB",0,"Quantified"
475,"FOOD00465","Steller sea lion",NA,"Polyphenols Absent in FooDB",0,"Quantified"
476,"FOOD00466","Bearded seal",NA,"Polyphenols Absent in FooDB",0,"Quantified"
477,"FOOD00467","Ringed seal",NA,"Polyphenols Absent in FooDB",0,"Quantified"
478,"FOOD00468","Sea trout",NA,"Polyphenols Absent in FooDB",0,"Quantified"
480,"FOOD00470","American shad",NA,"Polyphenols Absent in FooDB",0,"Quantified"
481,"FOOD00471","Shark",NA,"Polyphenols Absent in FooDB",0,"Quantified"
482,"FOOD00472","Sheefish",NA,"Polyphenols Absent in FooDB",0,"Quantified"
484,"FOOD00474","Sheepshead",NA,"Polyphenols Absent in FooDB",0,"Quantified"
486,"FOOD00476","Skipjack tuna",NA,"Polyphenols Absent in FooDB",0,"Quantified"
487,"FOOD00477","Snapper",NA,"Polyphenols Absent in FooDB",0,"Quantified"
494,"FOOD00483","Greater sturgeon",NA,"Polyphenols Absent in FooDB",0,"Quantified"
495,"FOOD00484","White sucker",NA,"Polyphenols Absent in FooDB",0,"Quantified"
497,"FOOD00486","Pumpkinseed sunfish",NA,"Polyphenols Absent in FooDB",0,"Quantified"
498,"FOOD00487","Swordfish",NA,"Polyphenols Absent in FooDB",0,"Quantified"
501,"FOOD00490","Tilefish",NA,"Polyphenols Absent in FooDB",0,"Quantified"
504,"FOOD00493","Salmonidae (Salmon, Trout)",NA,"Polyphenols Absent in FooDB",0,"Quantified"
507,"FOOD00496","Walleye",NA,"Polyphenols Absent in FooDB",0,"Quantified"
508,"FOOD00497","Alaska pollock",NA,"Polyphenols Absent in FooDB",0,"Quantified"
511,"FOOD00500","Whelk",NA,"Polyphenols Absent in FooDB",0,"Quantified"
512,"FOOD00501","Coalfish pollock",NA,"Polyphenols Absent in FooDB",0,"Quantified"
513,"FOOD00502","Broad whitefish",NA,"Polyphenols Absent in FooDB",0,"Quantified"
514,"FOOD00503","Whitefish",NA,"Polyphenols Absent in FooDB",0,"Quantified"
515,"FOOD00504","Whiting",NA,"Polyphenols Absent in FooDB",0,"Quantified"
522,"FOOD00511","Yellowfin tuna",NA,"Polyphenols Absent in FooDB",0,"Quantified"
523,"FOOD00512","Yellowtail amberjack",NA,"Polyphenols Absent in FooDB",0,"Quantified"
524,"FOOD00513","Pollock",NA,"Polyphenols Absent in FooDB",0,"Quantified"
526,"FOOD00515","Gadus (Common cod)",NA,"Polyphenols Absent in FooDB",0,"Quantified"
527,"FOOD00516","Atlantic halibut",NA,"Polyphenols Absent in FooDB",0,"Quantified"
528,"FOOD00517","Pacific halibut",NA,"Polyphenols Absent in FooDB",0,"Quantified"
529,"FOOD00518","Pacific salmon",NA,"Polyphenols Absent in FooDB",0,"Quantified"
530,"FOOD00519","Smelt",NA,"Polyphenols Absent in FooDB",0,"Quantified"
531,"FOOD00520","Clupeinae (Herring, Sardine, Sprat)",NA,"Polyphenols Absent in FooDB",0,"Quantified"
532,"FOOD00521","Spiny lobster",NA,"Polyphenols Absent in FooDB",0,"Quantified"
533,"FOOD00522","Snow crab",NA,"Polyphenols Absent in FooDB",0,"Quantified"
537,"FOOD00526","Percoidei (Bass and others)",NA,"Polyphenols Absent in FooDB",0,"Quantified"
538,"FOOD00527","Perciformes",NA,"Polyphenols Absent in FooDB",0,"Quantified"
544,"FOOD00531","Bivalvia (Clam, Mussel, Oyster)",NA,"Polyphenols Absent in FooDB",0,"Quantified"
545,"FOOD00532","Squid",NA,"Polyphenols Absent in FooDB",0,"Quantified"
546,"FOOD00533","Shrimp",NA,"Polyphenols Absent in FooDB",0,"Quantified"
547,"FOOD00534","Crayfish",NA,"Polyphenols Absent in FooDB",0,"Quantified"
548,"FOOD00535","Flatfish",NA,"Polyphenols Absent in FooDB",0,"Quantified"
550,"FOOD00537","Walrus",NA,"Polyphenols Absent in FooDB",0,"Quantified"
571,"FOOD00557","Spot croaker",NA,"Polyphenols Absent in FooDB",0,"Quantified"
574,"FOOD00560","Atlantic menhaden",NA,"Polyphenols Absent in FooDB",0,"Quantified"
579,"FOOD00565","Jellyfish",NA,"Polyphenols Absent in FooDB",0,"Quantified"
580,"FOOD00566","Anchovy",NA,"Polyphenols Absent in FooDB",0,"Quantified"
581,"FOOD00567","Blue whiting",NA,"Polyphenols Absent in FooDB",0,"Quantified"
582,"FOOD00568","Carp bream",NA,"Polyphenols Absent in FooDB",0,"Quantified"
584,"FOOD00570","Sturgeon",NA,"Polyphenols Absent in FooDB",0,"Quantified"
585,"FOOD00571","Charr",NA,"Polyphenols Absent in FooDB",0,"Quantified"
587,"FOOD00573","Crab",NA,"Polyphenols Absent in FooDB",0,"Quantified"
588,"FOOD00574","Common dab",NA,"Polyphenols Absent in FooDB",0,"Quantified"
589,"FOOD00575","Spiny dogfish",NA,"Polyphenols Absent in FooDB",0,"Quantified"
591,"FOOD00577","Anguilliformes",NA,"Polyphenols Absent in FooDB",0,"Quantified"
592,"FOOD00578","True frog",NA,"Polyphenols Absent in FooDB",0,"Quantified"
593,"FOOD00579","Garfish",NA,"Polyphenols Absent in FooDB",0,"Quantified"
594,"FOOD00580","Gadiformes",NA,"Polyphenols Absent in FooDB",0,"Quantified"
596,"FOOD00582","Lake trout",NA,"Polyphenols Absent in FooDB",0,"Quantified"
597,"FOOD00583","Lemon sole",NA,"Polyphenols Absent in FooDB",0,"Quantified"
598,"FOOD00584","Clawed lobster",NA,"Polyphenols Absent in FooDB",0,"Quantified"
599,"FOOD00585","Lumpsucker",NA,"Polyphenols Absent in FooDB",0,"Quantified"
600,"FOOD00586","Scombridae (Bonito, Mackerel, Tuna)",NA,"Polyphenols Absent in FooDB",0,"Quantified"
601,"FOOD00587","Marine mussel",NA,"Polyphenols Absent in FooDB",0,"Quantified"
602,"FOOD00588","Norway haddock",NA,"Polyphenols Absent in FooDB",0,"Quantified"
603,"FOOD00589","Norway lobster",NA,"Polyphenols Absent in FooDB",0,"Quantified"
604,"FOOD00590","Norway pout",NA,"Polyphenols Absent in FooDB",0,"Quantified"
606,"FOOD00592","True oyster",NA,"Polyphenols Absent in FooDB",0,"Quantified"
609,"FOOD00595","Pikeperch",NA,"Polyphenols Absent in FooDB",0,"Quantified"
610,"FOOD00596","Pleuronectidae (Dab, Halibut, Plaice)",NA,"Polyphenols Absent in FooDB",0,"Quantified"
612,"FOOD00598","Pacific ocean perch",NA,"Polyphenols Absent in FooDB",0,"Quantified"
614,"FOOD00600","True seal",NA,"Polyphenols Absent in FooDB",0,"Quantified"
617,"FOOD00603","Snail",NA,"Polyphenols Absent in FooDB",0,"Quantified"
618,"FOOD00604","True sole",NA,"Polyphenols Absent in FooDB",0,"Quantified"
619,"FOOD00605","Catfish",NA,"Polyphenols Absent in FooDB",0,"Quantified"
623,"FOOD00609","Cetacea (Dolphin, Porpoise, Whale)",NA,"Polyphenols Absent in FooDB",0,"Quantified"
628,"FOOD00614","Other wine",NA,"Polyphenols Absent in FooDB",0,"Quantified"
631,"FOOD00617","Cheese",NA,"Polyphenols Absent in FooDB",0,"Quantified"
639,"FOOD00622","Vodka",NA,"Polyphenols Absent in FooDB",0,"Quantified"
641,"FOOD00624","Ice cream",NA,"Polyphenols Absent in FooDB",0,"Quantified"
642,"FOOD00625","Gin",NA,"Polyphenols Absent in FooDB",0,"Quantified"
648,"FOOD00631","Vermouth",NA,"Polyphenols Absent in FooDB",0,"Quantified"
650,"FOOD00633","Madeira wine",NA,"Polyphenols Absent in FooDB",0,"Quantified"
651,"FOOD00634","Nougat",NA,"Polyphenols Absent in FooDB",0,"Quantified"
653,"FOOD00635","Toffee",NA,"Polyphenols Absent in FooDB",0,"Quantified"
656,"FOOD00638","Ymer",NA,"Polyphenols Absent in FooDB",0,"Quantified"
661,"FOOD00642","Drag√©e",NA,"Polyphenols Absent in FooDB",0,"Quantified"
662,"FOOD00643","Chewing gum",NA,"Polyphenols Absent in FooDB",0,"Quantified"
663,"FOOD00644","Marzipan",NA,"Polyphenols Absent in FooDB",0,"Quantified"
666,"FOOD00647","Salt",NA,"Polyphenols Absent in FooDB",0,"Quantified"
667,"FOOD00648","Butter",NA,"Polyphenols Absent in FooDB",0,"Quantified"
668,"FOOD00649","Butter substitute",NA,"Polyphenols Absent in FooDB",0,"Quantified"
669,"FOOD00650","Cream",NA,"Polyphenols Absent in FooDB",0,"Quantified"
670,"FOOD00651","Sugar",NA,"Polyphenols Absent in FooDB",0,"Quantified"
672,"FOOD00653","Meatball",NA,"Polyphenols Absent in FooDB",0,"Quantified"
673,"FOOD00654","Mustard",NA,"Polyphenols Absent in FooDB",0,"Quantified"
674,"FOOD00655","Pate",NA,"Polyphenols Absent in FooDB",0,"Quantified"
676,"FOOD00656","Sugar substitute",NA,"Polyphenols Absent in FooDB",0,"Quantified"
677,"FOOD00657","Meat bouillon",NA,"Polyphenols Absent in FooDB",0,"Quantified"
679,"FOOD00658","Whey",NA,"Polyphenols Absent in FooDB",0,"Quantified"
680,"FOOD00659","Casein",NA,"Polyphenols Absent in FooDB",0,"Quantified"
681,"FOOD00660","Fruit preserve",NA,"Polyphenols Absent in FooDB",0,"Quantified"
682,"FOOD00661","Leavening agent",NA,"Polyphenols Absent in FooDB",0,"Quantified"
683,"FOOD00662","Marshmallow",NA,"Polyphenols Absent in FooDB",0,"Quantified"
684,"FOOD00663","Gelatin",NA,"Polyphenols Absent in FooDB",0,"Quantified"
685,"FOOD00664","Water",NA,"Polyphenols Absent in FooDB",0,"Quantified"
687,"FOOD00666","Milk (Human)",NA,"Polyphenols Absent in FooDB",0,"Quantified"
689,"FOOD00667","Other beverage",NA,"Polyphenols Absent in FooDB",0,"Quantified"
690,"FOOD00668","Baby food",NA,"Polyphenols Absent in FooDB",0,"Quantified"
691,"FOOD00669","Dumpling",NA,"Polyphenols Absent in FooDB",0,"Quantified"
693,"FOOD00671","Other vegetable product",NA,"Polyphenols Absent in FooDB",0,"Quantified"
694,"FOOD00672","Unclassified food or beverage",NA,"Polyphenols Absent in FooDB",0,"Quantified"
695,"FOOD00673","Syrup",NA,"Polyphenols Absent in FooDB",0,"Quantified"
696,"FOOD00674","Tallow",NA,"Polyphenols Absent in FooDB",0,"Quantified"
697,"FOOD00675","Remoulade",NA,"Polyphenols Absent in FooDB",0,"Quantified"
698,"FOOD00676","Chocolate spread",NA,"Polyphenols Absent in FooDB",0,"Quantified"
699,"FOOD00677","Fruit gum",NA,"Polyphenols Absent in FooDB",0,"Quantified"
702,"FOOD00680","Meringue",NA,"Polyphenols Absent in FooDB",0,"Quantified"
703,"FOOD00681","Lard",NA,"Polyphenols Absent in FooDB",0,"Quantified"
704,"FOOD00682","Other animal fat",NA,"Polyphenols Absent in FooDB",0,"Quantified"
706,"FOOD00684","Cocoa butter",NA,"Polyphenols Absent in FooDB",0,"Quantified"
711,"FOOD00689","Dried milk",NA,"Polyphenols Absent in FooDB",0,"Quantified"
712,"FOOD00690","Milk (Other mammals)",NA,"Polyphenols Absent in FooDB",0,"Quantified"
713,"FOOD00691","Kefir",NA,"Polyphenols Absent in FooDB",0,"Quantified"
714,"FOOD00692","Buttermilk",NA,"Polyphenols Absent in FooDB",0,"Quantified"
715,"FOOD00693","Other fermented milk",NA,"Polyphenols Absent in FooDB",0,"Quantified"
721,"FOOD00697","Zwieback",NA,"Polyphenols Absent in FooDB",0,"Quantified"
722,"FOOD00698","Roe",NA,"Polyphenols Absent in FooDB",0,"Quantified"
723,"FOOD00699","Cichlidae (Tilapia)",NA,"Polyphenols Absent in FooDB",0,"Quantified"
724,"FOOD00700","Icing",NA,"Polyphenols Absent in FooDB",0,"Quantified"
726,"FOOD00702","Green turtle",NA,"Polyphenols Absent in FooDB",0,"Quantified"
727,"FOOD00703","Energy drink",NA,"Polyphenols Absent in FooDB",0,"Quantified"
728,"FOOD00704","Burrito",NA,"Polyphenols Absent in FooDB",0,"Quantified"
729,"FOOD00705","Hamburger",NA,"Polyphenols Absent in FooDB",0,"Quantified"
732,"FOOD00708","Taco",NA,"Polyphenols Absent in FooDB",0,"Quantified"
733,"FOOD00709","Tortilla",NA,"Polyphenols Absent in FooDB",0,"Quantified"
734,"FOOD00710","Nachos",NA,"Polyphenols Absent in FooDB",0,"Quantified"
735,"FOOD00711","Processed cheese",NA,"Polyphenols Absent in FooDB",0,"Quantified"
736,"FOOD00712","Salad",NA,"Polyphenols Absent in FooDB",0,"Quantified"
737,"FOOD00713","Cream substitute",NA,"Polyphenols Absent in FooDB",0,"Quantified"
738,"FOOD00714","Dulce de leche",NA,"Polyphenols Absent in FooDB",0,"Quantified"
739,"FOOD00715","Topping",NA,"Polyphenols Absent in FooDB",0,"Quantified"
740,"FOOD00716","Sweet custard",NA,"Polyphenols Absent in FooDB",0,"Quantified"
742,"FOOD00717","Egg roll",NA,"Polyphenols Absent in FooDB",0,"Quantified"
744,"FOOD00719","Popcorn",NA,"Polyphenols Absent in FooDB",0,"Quantified"
745,"FOOD00720","Potato chip",NA,"Polyphenols Absent in FooDB",0,"Quantified"
746,"FOOD00721","Tortilla chip",NA,"Polyphenols Absent in FooDB",0,"Quantified"
747,"FOOD00722","Corn chip",NA,"Polyphenols Absent in FooDB",0,"Quantified"
748,"FOOD00723","Hibiscus tea",NA,"Polyphenols Absent in FooDB",0,"Quantified"
749,"FOOD00724","Stew",NA,"Polyphenols Absent in FooDB",0,"Quantified"
750,"FOOD00725","Gelatin dessert",NA,"Polyphenols Absent in FooDB",0,"Quantified"
751,"FOOD00726","Junket",NA,"Polyphenols Absent in FooDB",0,"Quantified"
752,"FOOD00727","Falafel",NA,"Polyphenols Absent in FooDB",0,"Quantified"
753,"FOOD00728","Frybread",NA,"Polyphenols Absent in FooDB",0,"Quantified"
754,"FOOD00729","Other frozen dessert",NA,"Polyphenols Absent in FooDB",0,"Quantified"
755,"FOOD00730","Lasagna",NA,"Polyphenols Absent in FooDB",0,"Quantified"
756,"FOOD00731","Morchella (Morel)",NA,"Polyphenols Absent in FooDB",0,"Quantified"
757,"FOOD00732","Pancake",NA,"Polyphenols Absent in FooDB",0,"Quantified"
758,"FOOD00733","Pectin",NA,"Polyphenols Absent in FooDB",0,"Quantified"
759,"FOOD00734","Pudding",NA,"Polyphenols Absent in FooDB",0,"Quantified"
760,"FOOD00735","Waffle",NA,"Polyphenols Absent in FooDB",0,"Quantified"
762,"FOOD00737","Meatloaf",NA,"Polyphenols Absent in FooDB",0,"Quantified"
763,"FOOD00738","Sake",NA,"Polyphenols Absent in FooDB",0,"Quantified"
764,"FOOD00739","Cocktail",NA,"Polyphenols Absent in FooDB",0,"Quantified"
767,"FOOD00742","Coffee substitute",NA,"Polyphenols Absent in FooDB",0,"Quantified"
768,"FOOD00743","Coffee mocha",NA,"Polyphenols Absent in FooDB",0,"Quantified"
769,"FOOD00744","Chimichanga",NA,"Polyphenols Absent in FooDB",0,"Quantified"
771,"FOOD00746","Tapioca pearl",NA,"Polyphenols Absent in FooDB",0,"Quantified"
772,"FOOD00747","Tostada",NA,"Polyphenols Absent in FooDB",0,"Quantified"
773,"FOOD00748","Quesadilla",NA,"Polyphenols Absent in FooDB",0,"Quantified"
774,"FOOD00749","Baked potato",NA,"Polyphenols Absent in FooDB",0,"Quantified"
775,"FOOD00750","Hot dog",NA,"Polyphenols Absent in FooDB",0,"Quantified"
776,"FOOD00751","Spread",NA,"Polyphenols Absent in FooDB",0,"Quantified"
777,"FOOD00752","Enchilada",NA,"Polyphenols Absent in FooDB",0,"Quantified"
778,"FOOD00753","Egg substitute",NA,"Polyphenols Absent in FooDB",0,"Quantified"
780,"FOOD00755","Other sandwich",NA,"Polyphenols Absent in FooDB",0,"Quantified"
782,"FOOD00757","Breakfast sandwich",NA,"Polyphenols Absent in FooDB",0,"Quantified"
783,"FOOD00758","Adobo",NA,"Polyphenols Absent in FooDB",0,"Quantified"
784,"FOOD00759","Macaroni and cheese",NA,"Polyphenols Absent in FooDB",0,"Quantified"
785,"FOOD00760","Butterfat",NA,"Polyphenols Absent in FooDB",0,"Quantified"
787,"FOOD00762","Hushpuppy",NA,"Polyphenols Absent in FooDB",0,"Quantified"
789,"FOOD00764","Relish",NA,"Polyphenols Absent in FooDB",0,"Quantified"
790,"FOOD00765","Other fruit product",NA,"Polyphenols Absent in FooDB",0,"Quantified"
791,"FOOD00766","Fruit salad",NA,"Polyphenols Absent in FooDB",0,"Quantified"
794,"FOOD00769","Veggie burger",NA,"Polyphenols Absent in FooDB",0,"Quantified"
795,"FOOD00770","Cold cut",NA,"Polyphenols Absent in FooDB",0,"Quantified"
803,"FOOD00778","Phyllo dough",NA,"Polyphenols Absent in FooDB",0,"Quantified"
804,"FOOD00779","Cooking oil",NA,"Polyphenols Absent in FooDB",0,"Quantified"
805,"FOOD00780","Pie crust",NA,"Polyphenols Absent in FooDB",0,"Quantified"
806,"FOOD00781","Pie filling",NA,"Polyphenols Absent in FooDB",0,"Quantified"
807,"FOOD00782","Pie",NA,"Polyphenols Absent in FooDB",0,"Quantified"
808,"FOOD00783","Shortening",NA,"Polyphenols Absent in FooDB",0,"Quantified"
809,"FOOD00784","Soy cream",NA,"Polyphenols Absent in FooDB",0,"Quantified"
810,"FOOD00785","Ice cream cone",NA,"Polyphenols Absent in FooDB",0,"Quantified"
811,"FOOD00786","Molasses",NA,"Polyphenols Absent in FooDB",0,"Quantified"
816,"FOOD00791","Ravioli",NA,"Polyphenols Absent in FooDB",0,"Quantified"
817,"FOOD00792","Scrapple",NA,"Polyphenols Absent in FooDB",0,"Quantified"
818,"FOOD00793","Other pasta dish",NA,"Polyphenols Absent in FooDB",0,"Quantified"
819,"FOOD00794","Succotash",NA,"Polyphenols Absent in FooDB",0,"Quantified"
820,"FOOD00795","Tamale",NA,"Polyphenols Absent in FooDB",0,"Quantified"
822,"FOOD00796","Rice cake",NA,"Polyphenols Absent in FooDB",0,"Quantified"
824,"FOOD00798","Evaporated milk",NA,"Polyphenols Absent in FooDB",0,"Quantified"
826,"FOOD00800","Akutaq",NA,"Polyphenols Absent in FooDB",0,"Quantified"
828,"FOOD00801","Dough",NA,"Polyphenols Absent in FooDB",0,"Quantified"
829,"FOOD00802","Pita bread",NA,"Polyphenols Absent in FooDB",0,"Quantified"
830,"FOOD00803","Focaccia",NA,"Polyphenols Absent in FooDB",0,"Quantified"
831,"FOOD00804","Bagel",NA,"Polyphenols Absent in FooDB",0,"Quantified"
834,"FOOD00806","Piki bread",NA,"Polyphenols Absent in FooDB",0,"Quantified"
835,"FOOD00807","French toast",NA,"Polyphenols Absent in FooDB",0,"Quantified"
838,"FOOD00810","Oat bread",NA,"Polyphenols Absent in FooDB",0,"Quantified"
839,"FOOD00811","Potato bread",NA,"Polyphenols Absent in FooDB",0,"Quantified"
840,"FOOD00812","Cornbread",NA,"Polyphenols Absent in FooDB",0,"Quantified"
841,"FOOD00813","Corn grits",NA,"Polyphenols Absent in FooDB",0,"Quantified"
843,"FOOD00815","Rice bread",NA,"Polyphenols Absent in FooDB",0,"Quantified"
844,"FOOD00816","Pan dulce",NA,"Polyphenols Absent in FooDB",0,"Quantified"
845,"FOOD00817","Raisin bread",NA,"Polyphenols Absent in FooDB",0,"Quantified"
846,"FOOD00818","Wonton wrapper",NA,"Polyphenols Absent in FooDB",0,"Quantified"
848,"FOOD00819","Trail mix",NA,"Polyphenols Absent in FooDB",0,"Quantified"
852,"FOOD00823","Horchata",NA,"Polyphenols Absent in FooDB",0,"Quantified"
853,"FOOD00824","Soft drink",NA,"Polyphenols Absent in FooDB",0,"Quantified"
854,"FOOD00825","Frozen yogurt",NA,"Polyphenols Absent in FooDB",0,"Quantified"
855,"FOOD00826","Milkshake",NA,"Polyphenols Absent in FooDB",0,"Quantified"
856,"FOOD00827","Chocolate mousse",NA,"Polyphenols Absent in FooDB",0,"Quantified"
857,"FOOD00828","Dripping",NA,"Polyphenols Absent in FooDB",0,"Quantified"
858,"FOOD00829","Pupusa",NA,"Polyphenols Absent in FooDB",0,"Quantified"
859,"FOOD00830","Empanada",NA,"Polyphenols Absent in FooDB",0,"Quantified"
860,"FOOD00831","Arepa",NA,"Polyphenols Absent in FooDB",0,"Quantified"
861,"FOOD00832","Ascidians",NA,"Polyphenols Absent in FooDB",0,"Quantified"
862,"FOOD00833","Gefilte fish",NA,"Polyphenols Absent in FooDB",0,"Quantified"
864,"FOOD00835","Fish burger",NA,"Polyphenols Absent in FooDB",0,"Quantified"
865,"FOOD00836","Other dish",NA,"Polyphenols Absent in FooDB",0,"Quantified"
866,"FOOD00837","Pot pie",NA,"Polyphenols Absent in FooDB",0,"Quantified"
867,"FOOD00838","Stuffing",NA,"Polyphenols Absent in FooDB",0,"Quantified"
868,"FOOD00839","Edible shell",NA,"Polyphenols Absent in FooDB",0,"Quantified"
869,"FOOD00840","Fudge",NA,"Polyphenols Absent in FooDB",0,"Quantified"
870,"FOOD00841","Candy bar",NA,"Polyphenols Absent in FooDB",0,"Quantified"
871,"FOOD00842","Condensed milk",NA,"Polyphenols Absent in FooDB",0,"Quantified"
872,"FOOD00843","Margarine",NA,"Polyphenols Absent in FooDB",0,"Quantified"
876,"FOOD00846","Potato puffs",NA,"Polyphenols Absent in FooDB",0,"Quantified"
877,"FOOD00847","Potato gratin",NA,"Polyphenols Absent in FooDB",0,"Quantified"
878,"FOOD00848","Milk substitute",NA,"Polyphenols Absent in FooDB",0,"Quantified"
892,"FOOD00862","Crustaceans",NA,"Polyphenols Absent in FooDB",0,"Quantified"
896,"FOOD00865","Fishes",NA,"Polyphenols Absent in FooDB",0,"Quantified"
900,"FOOD00868","Mollusks",NA,"Polyphenols Absent in FooDB",0,"Quantified"
921,"FOOD00889","Cow milk, pasteurized, vitamin A + D added, 0% fat",NA,"Polyphenols Absent in FooDB",0,"Quantified"
922,"FOOD00890","Cow milk, pasteurized, vitamin A + D added, 1% fat",NA,"Polyphenols Absent in FooDB",0,"Quantified"
923,"FOOD00891","Cow milk, pasteurized, vitamin A + D added, 2% fat",NA,"Polyphenols Absent in FooDB",0,"Quantified"
924,"FOOD00892","Cow milk, pasteurized, vitamin D added, 3.25% fat",NA,"Polyphenols Absent in FooDB",0,"Quantified"
925,"FOOD00893","Castanospermum australe",NA,"Polyphenols Absent in FooDB",0,"Quantified"
926,"FOOD00894","Gentiana lutea",NA,"Polyphenols Absent in FooDB",0,"Quantified"
928,"FOOD00896","Albizia gummifera",NA,"Polyphenols Absent in FooDB",0,"Quantified"
932,"FOOD00900","Asparagus racemosus",NA,"Polyphenols Absent in FooDB",0,"Quantified"
934,"FOOD00902","Asparagus fern",NA,"Polyphenols Absent in FooDB",0,"Quantified"
935,"FOOD00903","Thornless blackberry",NA,"Polyphenols Absent in FooDB",0,"Quantified"
942,"FOOD00910","Macroalgae",NA,"Polyphenols Absent in FooDB",0,"Quantified"
944,"FOOD00912","linseed oil",NA,"Polyphenols Absent in FooDB",0,"Quantified"
945,"FOOD00913","Rapeseed oil",NA,"Polyphenols Absent in FooDB",0,"Quantified"
946,"FOOD00914","Soybean oil",NA,"Polyphenols Absent in FooDB",0,"Quantified"
947,"FOOD00915","Guarana",NA,"Polyphenols Absent in FooDB",0,"Quantified"
948,"FOOD00916","Mate",NA,"Polyphenols Absent in FooDB",0,"Quantified"
951,"FOOD00919","Egg yolk",NA,"Polyphenols Absent in FooDB",0,"Quantified"
954,"FOOD00922","Canola oil",NA,"Polyphenols Absent in FooDB",0,"Quantified"
961,"FOOD00929","Crosne",NA,"Polyphenols Absent in FooDB",0,"Quantified"
964,"FOOD00932","Mikan",NA,"Polyphenols Absent in FooDB",0,"Quantified"
965,"FOOD00933","Mozzarella cheese",NA,"Polyphenols Absent in FooDB",0,"Quantified"
966,"FOOD00934","Plain cream cheese",NA,"Polyphenols Absent in FooDB",0,"Quantified"
967,"FOOD00935","Cheddar Cheese",NA,"Polyphenols Absent in FooDB",0,"Quantified"
968,"FOOD00936","Parmesan cheese",NA,"Polyphenols Absent in FooDB",0,"Quantified"
969,"FOOD00937","Almond milk",NA,"Polyphenols Absent in FooDB",0,"Quantified"
970,"FOOD00938","Coconut milk",NA,"Polyphenols Absent in FooDB",0,"Quantified"
972,"FOOD00940","Sunflower oil",NA,"Polyphenols Absent in FooDB",0,"Quantified"
973,"FOOD00941","Coconut oil",NA,"Polyphenols Absent in FooDB",0,"Quantified"
974,"FOOD00942","Peanut oil",NA,"Polyphenols Absent in FooDB",0,"Quantified"
975,"FOOD00943","Cottonseed oil",NA,"Polyphenols Absent in FooDB",0,"Quantified"
976,"FOOD00944","Corn oil",NA,"Polyphenols Absent in FooDB",0,"Quantified"
977,"FOOD00945","Avocado oil",NA,"Polyphenols Absent in FooDB",0,"Quantified"
978,"FOOD00946","Grapeseed oil",NA,"Polyphenols Absent in FooDB",0,"Quantified"
979,"FOOD00947","Sesame oil",NA,"Polyphenols Absent in FooDB",0,"Quantified"
980,"FOOD00948","Monterey Jack cheese",NA,"Polyphenols Absent in FooDB",0,"Quantified"
981,"FOOD00949","Swiss cheese",NA,"Polyphenols Absent in FooDB",0,"Quantified"
982,"FOOD00950","Cottage cheese",NA,"Polyphenols Absent in FooDB",0,"Quantified"
983,"FOOD00951","Blue cheese",NA,"Polyphenols Absent in FooDB",0,"Quantified"
984,"FOOD00952","Clam",NA,"Polyphenols Absent in FooDB",0,"Quantified"
985,"FOOD00953","Sour cream",NA,"Polyphenols Absent in FooDB",0,"Quantified"
987,"FOOD00955","Jalapeno pepper",NA,"Polyphenols Absent in FooDB",0,"Quantified"
988,"FOOD00956","Greek feta cheese",NA,"Polyphenols Absent in FooDB",0,"Quantified"
989,"FOOD00957","Eddoe",NA,"Polyphenols Absent in FooDB",0,"Quantified"
990,"FOOD00958","Plantain",NA,"Polyphenols Absent in FooDB",0,"Quantified"
991,"FOOD00959","Clementine",NA,"Polyphenols Absent in FooDB",0,"Quantified"
992,"FOOD00960","Green apple",NA,"Polyphenols Absent in FooDB",0,"Quantified"
993,"FOOD00961","White onion",NA,"Polyphenols Absent in FooDB",0,"Quantified"
996,"FOOD00964","Green grape",NA,"Polyphenols Absent in FooDB",0,"Quantified"
997,"FOOD00965","Red grape",NA,"Polyphenols Absent in FooDB",0,"Quantified"
998,"FOOD00966","Black plum",NA,"Polyphenols Absent in FooDB",0,"Quantified"
999,"FOOD00967","Green cabbage",NA,"Polyphenols Absent in FooDB",0,"Quantified"
1000,"FOOD00968","Black raisin",NA,"Polyphenols Absent in FooDB",0,"Quantified"
1001,"FOOD00969","Cannellini bean",NA,"Polyphenols Absent in FooDB",0,"Quantified"
1002,"FOOD00970","Green lentil",NA,"Polyphenols Absent in FooDB",0,"Quantified"
1003,"FOOD00971","Cubanelle pepper",NA,"Polyphenols Absent in FooDB",0,"Quantified"
1004,"FOOD00972","Acorn squash",NA,"Polyphenols Absent in FooDB",0,"Quantified"
1005,"FOOD00973","Iceberg lettuce",NA,"Polyphenols Absent in FooDB",0,"Quantified"
1006,"FOOD00974","Japanese sea bass",NA,"Polyphenols Absent in FooDB",0,"Quantified"
1007,"FOOD00975","Pea shoots",NA,"Polyphenols Absent in FooDB",0,"Quantified"
1008,"FOOD00976","Yau choy",NA,"Polyphenols Absent in FooDB",0,"Quantified"
1009,"FOOD00977","Water spinach",NA,"Polyphenols Absent in FooDB",0,"Quantified"
1010,"FOOD00978","Chineese plum",NA,"Polyphenols Absent in FooDB",0,"Quantified"
1011,"FOOD00979","Green plum",NA,"Polyphenols Absent in FooDB",0,"Quantified"
1012,"FOOD00980","Wampee",NA,"Polyphenols Absent in FooDB",0,"Quantified"
1013,"FOOD00981","Pitaya",NA,"Polyphenols Absent in FooDB",0,"Quantified"
1014,"FOOD00982","Goji",NA,"Polyphenols Absent in FooDB",0,"Quantified"
1015,"FOOD00983","Monk fruit",NA,"Polyphenols Absent in FooDB",0,"Quantified"
1016,"FOOD00984","Cantaloupe melon",NA,"Polyphenols Absent in FooDB",0,"Quantified"
1017,"FOOD00985","Hawthorn",NA,"Polyphenols Absent in FooDB",0,"Quantified"
1018,"FOOD00986","Lantern fruit",NA,"Polyphenols Absent in FooDB",0,"Quantified"
1019,"FOOD00987","White bread",NA,"Polyphenols Absent in FooDB",0,"Quantified"
1020,"FOOD00988","Cape gooseberry",NA,"Polyphenols Absent in FooDB",0,"Quantified"
1022,"FOOD00990","Fish oil",NA,"Polyphenols Absent in FooDB",0,"Quantified"
1023,"FOOD00991","Taco shell",NA,"Polyphenols Absent in FooDB",0,"Quantified"
1024,"FOOD00992","Tostada shell",NA,"Polyphenols Absent in FooDB",0,"Quantified"
3,"FOOD00003","Silver linden",0,"Unquantified but Predicted or Expected",NA,"Unquantified but Predicted or Expected"
7,"FOOD00007","Leek",0,"Unquantified but Predicted or Expected",NA,"Unquantified but Predicted or Expected"
20,"FOOD00020","Mugwort",0,"Unquantified but Predicted or Expected",NA,"Unquantified but Predicted or Expected"
23,"FOOD00023","Star fruit",0,"Unquantified but Predicted or Expected",NA,"Unquantified but Predicted or Expected"
24,"FOOD00024","Brazil nut",0,"Unquantified but Predicted or Expected",NA,"Unquantified but Predicted or Expected"
46,"FOOD00046","Roman camomile",0,"Unquantified but Predicted or Expected",NA,"Unquantified but Predicted or Expected"
50,"FOOD00050","Chinese cinnamon",0,"Unquantified but Predicted or Expected",NA,"Unquantified but Predicted or Expected"
70,"FOOD00070","Lemon grass",0,"Unquantified but Predicted or Expected",NA,"Unquantified but Predicted or Expected"
74,"FOOD00074","Cardamom",0,"Unquantified but Predicted or Expected",NA,"Unquantified but Predicted or Expected"
78,"FOOD00078","Wax apple",0,"Unquantified but Predicted or Expected",NA,"Unquantified but Predicted or Expected"
80,"FOOD00080","Tartary buckwheat",0,"Unquantified but Predicted or Expected",NA,"Unquantified but Predicted or Expected"
96,"FOOD00096","Grass pea",0,"Unquantified but Predicted or Expected",NA,"Unquantified but Predicted or Expected"
103,"FOOD00103","Lichee",0,"Unquantified but Predicted or Expected",NA,"Unquantified but Predicted or Expected"
104,"FOOD00104","Lupine",0,"Unquantified but Predicted or Expected",NA,"Unquantified but Predicted or Expected"
109,"FOOD00109","Mentha",0,"Unquantified but Predicted or Expected",NA,"Unquantified but Predicted or Expected"
115,"FOOD00115","Bitter gourd",0,"Unquantified but Predicted or Expected",NA,"Unquantified but Predicted or Expected"
116,"FOOD00116","Mulberry",0,"Unquantified but Predicted or Expected",NA,"Unquantified but Predicted or Expected"
123,"FOOD00123","Pot marjoram",0,"Unquantified but Predicted or Expected",NA,"Unquantified but Predicted or Expected"
126,"FOOD00126","Millet",0,"Unquantified but Predicted or Expected",NA,"Unquantified but Predicted or Expected"
138,"FOOD00138","Pine nut",0,"Unquantified but Predicted or Expected",NA,"Unquantified but Predicted or Expected"
139,"FOOD00139","Pepper (Spice)",0,"Unquantified but Predicted or Expected",NA,"Unquantified but Predicted or Expected"
181,"FOOD00181","Dandelion",0,"Unquantified but Predicted or Expected",NA,"Unquantified but Predicted or Expected"
184,"FOOD00184","Linden",0,"Unquantified but Predicted or Expected",NA,"Unquantified but Predicted or Expected"
185,"FOOD00185","Small-leaf linden",0,"Unquantified but Predicted or Expected",NA,"Unquantified but Predicted or Expected"
190,"FOOD00190","Sparkleberry",0,"Unquantified but Predicted or Expected",NA,"Unquantified but Predicted or Expected"
195,"FOOD00195","Vanilla",0,"Unquantified but Predicted or Expected",NA,"Unquantified but Predicted or Expected"
201,"FOOD00201","Climbing bean",0,"Unquantified but Predicted or Expected",NA,"Unquantified but Predicted or Expected"
209,"FOOD00209","Bayberry",0,"Unquantified but Predicted or Expected",NA,"Unquantified but Predicted or Expected"
210,"FOOD00210","Elliott's blueberry",0,"Unquantified but Predicted or Expected",NA,"Unquantified but Predicted or Expected"
211,"FOOD00211","Canada blueberry",0,"Unquantified but Predicted or Expected",NA,"Unquantified but Predicted or Expected"
213,"FOOD00213","Buffalo currant",0,"Unquantified but Predicted or Expected",NA,"Unquantified but Predicted or Expected"
218,"FOOD00218","Deerberry",0,"Unquantified but Predicted or Expected",NA,"Unquantified but Predicted or Expected"
219,"FOOD00219","Ginseng",0,"Unquantified but Predicted or Expected",NA,"Unquantified but Predicted or Expected"
224,"FOOD00224","Longan",0,"Unquantified but Predicted or Expected",NA,"Unquantified but Predicted or Expected"
225,"FOOD00225","Macadamia nut (M. tetraphylla)",0,"Unquantified but Predicted or Expected",NA,"Unquantified but Predicted or Expected"
231,"FOOD00231","Pepper (C. baccatum)",0,"Unquantified but Predicted or Expected",NA,"Unquantified but Predicted or Expected"
232,"FOOD00232","Pepper (C. chinense)",0,"Unquantified but Predicted or Expected",NA,"Unquantified but Predicted or Expected"
234,"FOOD00234","Rambutan",0,"Unquantified but Predicted or Expected",NA,"Unquantified but Predicted or Expected"
235,"FOOD00235","Red rice",0,"Unquantified but Predicted or Expected",NA,"Unquantified but Predicted or Expected"
236,"FOOD00236","Annual wild rice",0,"Unquantified but Predicted or Expected",NA,"Unquantified but Predicted or Expected"
238,"FOOD00238","Lemon thyme",0,"Unquantified but Predicted or Expected",NA,"Unquantified but Predicted or Expected"
239,"FOOD00239","Tronchuda cabbage",0,"Unquantified but Predicted or Expected",NA,"Unquantified but Predicted or Expected"
246,"FOOD00246","Triticale",0,"Unquantified but Predicted or Expected",NA,"Unquantified but Predicted or Expected"
251,"FOOD00251","Komatsuna",0,"Unquantified but Predicted or Expected",NA,"Unquantified but Predicted or Expected"
254,"FOOD00254","Chicory roots",0,"Unquantified but Predicted or Expected",NA,"Unquantified but Predicted or Expected"
260,"FOOD00260","Oxheart cabbage",0,"Unquantified but Predicted or Expected",NA,"Unquantified but Predicted or Expected"
266,"FOOD00266","Pineappple sage",0,"Unquantified but Predicted or Expected",NA,"Unquantified but Predicted or Expected"
267,"FOOD00267","Skunk currant",0,"Unquantified but Predicted or Expected",NA,"Unquantified but Predicted or Expected"
269,"FOOD00269","Other bread",0,"Unquantified but Predicted or Expected",NA,"Unquantified but Predicted or Expected"
273,"FOOD00272","Other cereal product",0,"Unquantified but Predicted or Expected",NA,"Unquantified but Predicted or Expected"
276,"FOOD00275","Sourdough",0,"Unquantified but Predicted or Expected",NA,"Unquantified but Predicted or Expected"
281,"FOOD00280","Abiyuch",0,"Unquantified but Predicted or Expected",NA,"Unquantified but Predicted or Expected"
283,"FOOD00282","Acorn",0,"Unquantified but Predicted or Expected",NA,"Unquantified but Predicted or Expected"
284,"FOOD00283","Winter squash",0,"Unquantified but Predicted or Expected",NA,"Unquantified but Predicted or Expected"
285,"FOOD00284","Agar",0,"Unquantified but Predicted or Expected",NA,"Unquantified but Predicted or Expected"
288,"FOOD00287","Allspice",0,"Unquantified but Predicted or Expected",NA,"Unquantified but Predicted or Expected"
290,"FOOD00289","Arrowhead",0,"Unquantified but Predicted or Expected",NA,"Unquantified but Predicted or Expected"
291,"FOOD00290","Arrowroot",0,"Unquantified but Predicted or Expected",NA,"Unquantified but Predicted or Expected"
292,"FOOD00291","Asian pear",0,"Unquantified but Predicted or Expected",NA,"Unquantified but Predicted or Expected"
298,"FOOD00297","Bamboo shoots",0,"Unquantified but Predicted or Expected",NA,"Unquantified but Predicted or Expected"
301,"FOOD00299","Beech nut",0,"Unquantified but Predicted or Expected",NA,"Unquantified but Predicted or Expected"
312,"FOOD00309","Breadfruit",0,"Unquantified but Predicted or Expected",NA,"Unquantified but Predicted or Expected"
313,"FOOD00310","Breadnut tree seed",0,"Unquantified but Predicted or Expected",NA,"Unquantified but Predicted or Expected"
318,"FOOD00314","Giant butterbur",0,"Unquantified but Predicted or Expected",NA,"Unquantified but Predicted or Expected"
320,"FOOD00316","Butternut",0,"Unquantified but Predicted or Expected",NA,"Unquantified but Predicted or Expected"
321,"FOOD00317","Butternut squash",0,"Unquantified but Predicted or Expected",NA,"Unquantified but Predicted or Expected"
322,"FOOD00318","Calabash",0,"Unquantified but Predicted or Expected",NA,"Unquantified but Predicted or Expected"
323,"FOOD00319","Cardoon",0,"Unquantified but Predicted or Expected",NA,"Unquantified but Predicted or Expected"
325,"FOOD00320","Natal plum",0,"Unquantified but Predicted or Expected",NA,"Unquantified but Predicted or Expected"
328,"FOOD00323","Cassava",0,"Unquantified but Predicted or Expected",NA,"Unquantified but Predicted or Expected"
330,"FOOD00325","Chayote",0,"Unquantified but Predicted or Expected",NA,"Unquantified but Predicted or Expected"
331,"FOOD00326","Cherimoya",0,"Unquantified but Predicted or Expected",NA,"Unquantified but Predicted or Expected"
332,"FOOD00327","Chervil",0,"Unquantified but Predicted or Expected",NA,"Unquantified but Predicted or Expected"
335,"FOOD00330","Chinese broccoli",0,"Unquantified but Predicted or Expected",NA,"Unquantified but Predicted or Expected"
336,"FOOD00331","Chinese chestnut",0,"Unquantified but Predicted or Expected",NA,"Unquantified but Predicted or Expected"
337,"FOOD00332","Chinese water chestnut",0,"Unquantified but Predicted or Expected",NA,"Unquantified but Predicted or Expected"
338,"FOOD00333","Garland chrysanthemum",0,"Unquantified but Predicted or Expected",NA,"Unquantified but Predicted or Expected"
345,"FOOD00340","Corn salad",0,"Unquantified but Predicted or Expected",NA,"Unquantified but Predicted or Expected"
347,"FOOD00342","Catjang pea",0,"Unquantified but Predicted or Expected",NA,"Unquantified but Predicted or Expected"
348,"FOOD00343","Malus (Crab apple)",0,"Unquantified but Predicted or Expected",NA,"Unquantified but Predicted or Expected"
349,"FOOD00344","Squashberry",0,"Unquantified but Predicted or Expected",NA,"Unquantified but Predicted or Expected"
353,"FOOD00348","Mule deer",0,"Unquantified but Predicted or Expected",NA,"Unquantified but Predicted or Expected"
360,"FOOD00355","Durian",0,"Unquantified but Predicted or Expected",NA,"Unquantified but Predicted or Expected"
366,"FOOD00361","Oregon yampah",0,"Unquantified but Predicted or Expected",NA,"Unquantified but Predicted or Expected"
370,"FOOD00365","Fireweed",0,"Unquantified but Predicted or Expected",NA,"Unquantified but Predicted or Expected"
372,"FOOD00367","Ginkgo nuts",0,"Unquantified but Predicted or Expected",NA,"Unquantified but Predicted or Expected"
376,"FOOD00371","Groundcherry",0,"Unquantified but Predicted or Expected",NA,"Unquantified but Predicted or Expected"
382,"FOOD00377","Hickory nut",0,"Unquantified but Predicted or Expected",NA,"Unquantified but Predicted or Expected"
385,"FOOD00380","Alaska blueberry",0,"Unquantified but Predicted or Expected",NA,"Unquantified but Predicted or Expected"
386,"FOOD00381","Hyacinth bean",0,"Unquantified but Predicted or Expected",NA,"Unquantified but Predicted or Expected"
387,"FOOD00382","Irish moss",0,"Unquantified but Predicted or Expected",NA,"Unquantified but Predicted or Expected"
390,"FOOD00385","Japanese chestnut",0,"Unquantified but Predicted or Expected",NA,"Unquantified but Predicted or Expected"
392,"FOOD00387","Jerusalem artichoke",0,"Unquantified but Predicted or Expected",NA,"Unquantified but Predicted or Expected"
396,"FOOD00391","Kelp",0,"Unquantified but Predicted or Expected",NA,"Unquantified but Predicted or Expected"
405,"FOOD00400","Loganberry",0,"Unquantified but Predicted or Expected",NA,"Unquantified but Predicted or Expected"
406,"FOOD00401","Lotus",0,"Unquantified but Predicted or Expected",NA,"Unquantified but Predicted or Expected"
410,"FOOD00405","Mammee apple",0,"Unquantified but Predicted or Expected",NA,"Unquantified but Predicted or Expected"
411,"FOOD00406","Purple mangosteen",0,"Unquantified but Predicted or Expected",NA,"Unquantified but Predicted or Expected"
412,"FOOD00407","Alpine sweetvetch",0,"Unquantified but Predicted or Expected",NA,"Unquantified but Predicted or Expected"
416,"FOOD00410","Moth bean",0,"Unquantified but Predicted or Expected",NA,"Unquantified but Predicted or Expected"
417,"FOOD00411","Mountain yam",0,"Unquantified but Predicted or Expected",NA,"Unquantified but Predicted or Expected"
420,"FOOD00413","White mustard",0,"Unquantified but Predicted or Expected",NA,"Unquantified but Predicted or Expected"
421,"FOOD00414","Mustard spinach",0,"Unquantified but Predicted or Expected",NA,"Unquantified but Predicted or Expected"
423,"FOOD00416","Nopal",0,"Unquantified but Predicted or Expected",NA,"Unquantified but Predicted or Expected"
426,"FOOD00419","Ohelo berry",0,"Unquantified but Predicted or Expected",NA,"Unquantified but Predicted or Expected"
440,"FOOD00432","Pili nut",0,"Unquantified but Predicted or Expected",NA,"Unquantified but Predicted or Expected"
443,"FOOD00435","Plains prickly pear",0,"Unquantified but Predicted or Expected",NA,"Unquantified but Predicted or Expected"
444,"FOOD00436","French plantain",0,"Unquantified but Predicted or Expected",NA,"Unquantified but Predicted or Expected"
445,"FOOD00437","American pokeweed",0,"Unquantified but Predicted or Expected",NA,"Unquantified but Predicted or Expected"
447,"FOOD00438","Opium poppy",0,"Unquantified but Predicted or Expected",NA,"Unquantified but Predicted or Expected"
448,"FOOD00439","Prairie turnip",0,"Unquantified but Predicted or Expected",NA,"Unquantified but Predicted or Expected"
450,"FOOD00441","Quinoa",0,"Unquantified but Predicted or Expected",NA,"Unquantified but Predicted or Expected"
455,"FOOD00445","Malabar plum",0,"Unquantified but Predicted or Expected",NA,"Unquantified but Predicted or Expected"
456,"FOOD00446","Rose hip",0,"Unquantified but Predicted or Expected",NA,"Unquantified but Predicted or Expected"
457,"FOOD00447","Roselle",0,"Unquantified but Predicted or Expected",NA,"Unquantified but Predicted or Expected"
466,"FOOD00456","Salmonberry",0,"Unquantified but Predicted or Expected",NA,"Unquantified but Predicted or Expected"
467,"FOOD00457","Common salsify",0,"Unquantified but Predicted or Expected",NA,"Unquantified but Predicted or Expected"
469,"FOOD00459","Mamey sapote",0,"Unquantified but Predicted or Expected",NA,"Unquantified but Predicted or Expected"
479,"FOOD00469","Sesbania flower",0,"Unquantified but Predicted or Expected",NA,"Unquantified but Predicted or Expected"
485,"FOOD00475","Hedge mustard",0,"Unquantified but Predicted or Expected",NA,"Unquantified but Predicted or Expected"
488,"FOOD00478","Soursop",0,"Unquantified but Predicted or Expected",NA,"Unquantified but Predicted or Expected"
489,"FOOD00479","Spelt",0,"Unquantified but Predicted or Expected",NA,"Unquantified but Predicted or Expected"
490,"FOOD00480","Spirulina",0,"Unquantified but Predicted or Expected",NA,"Unquantified but Predicted or Expected"
493,"FOOD00482","Strawberry guava",0,"Unquantified but Predicted or Expected",NA,"Unquantified but Predicted or Expected"
496,"FOOD00485","Sugar apple",0,"Unquantified but Predicted or Expected",NA,"Unquantified but Predicted or Expected"
500,"FOOD00489","Teff",0,"Unquantified but Predicted or Expected",NA,"Unquantified but Predicted or Expected"
502,"FOOD00491","Mexican groundcherry",0,"Unquantified but Predicted or Expected",NA,"Unquantified but Predicted or Expected"
509,"FOOD00498","Wasabi",0,"Unquantified but Predicted or Expected",NA,"Unquantified but Predicted or Expected"
510,"FOOD00499","Wax gourd",0,"Unquantified but Predicted or Expected",NA,"Unquantified but Predicted or Expected"
516,"FOOD00505","Wild rice",0,"Unquantified but Predicted or Expected",NA,"Unquantified but Predicted or Expected"
517,"FOOD00506","Tea leaf willow",0,"Unquantified but Predicted or Expected",NA,"Unquantified but Predicted or Expected"
518,"FOOD00507","Winged bean",0,"Unquantified but Predicted or Expected",NA,"Unquantified but Predicted or Expected"
520,"FOOD00509","Jicama",0,"Unquantified but Predicted or Expected",NA,"Unquantified but Predicted or Expected"
521,"FOOD00510","Yautia",0,"Unquantified but Predicted or Expected",NA,"Unquantified but Predicted or Expected"
536,"FOOD00525","Macadamia nut",0,"Unquantified but Predicted or Expected",NA,"Unquantified but Predicted or Expected"
551,"FOOD00538","Alaska wild rhubarb",0,"Unquantified but Predicted or Expected",NA,"Unquantified but Predicted or Expected"
552,"FOOD00539","Oriental wheat",0,"Unquantified but Predicted or Expected",NA,"Unquantified but Predicted or Expected"
556,"FOOD00542","Boysenberry",0,"Unquantified but Predicted or Expected",NA,"Unquantified but Predicted or Expected"
558,"FOOD00544","Feijoa",0,"Unquantified but Predicted or Expected",NA,"Unquantified but Predicted or Expected"
559,"FOOD00545","Rowal",0,"Unquantified but Predicted or Expected",NA,"Unquantified but Predicted or Expected"
560,"FOOD00546","Jew's ear",0,"Unquantified but Predicted or Expected",NA,"Unquantified but Predicted or Expected"
561,"FOOD00547","Common mushroom",0,"Unquantified but Predicted or Expected",NA,"Unquantified but Predicted or Expected"
562,"FOOD00548","Shiitake",0,"Unquantified but Predicted or Expected",NA,"Unquantified but Predicted or Expected"
563,"FOOD00549","Purple laver",0,"Unquantified but Predicted or Expected",NA,"Unquantified but Predicted or Expected"
564,"FOOD00550","Wakame",0,"Unquantified but Predicted or Expected",NA,"Unquantified but Predicted or Expected"
565,"FOOD00551","Enokitake",0,"Unquantified but Predicted or Expected",NA,"Unquantified but Predicted or Expected"
566,"FOOD00552","Epazote",0,"Unquantified but Predicted or Expected",NA,"Unquantified but Predicted or Expected"
567,"FOOD00553","Oyster mushroom",0,"Unquantified but Predicted or Expected",NA,"Unquantified but Predicted or Expected"
568,"FOOD00554","Cloud ear fungus",0,"Unquantified but Predicted or Expected",NA,"Unquantified but Predicted or Expected"
569,"FOOD00555","Maitake",0,"Unquantified but Predicted or Expected",NA,"Unquantified but Predicted or Expected"
570,"FOOD00556","Ostrich fern",0,"Unquantified but Predicted or Expected",NA,"Unquantified but Predicted or Expected"
572,"FOOD00558","Sourdock",0,"Unquantified but Predicted or Expected",NA,"Unquantified but Predicted or Expected"
573,"FOOD00559","Tinda",0,"Unquantified but Predicted or Expected",NA,"Unquantified but Predicted or Expected"
576,"FOOD00562","Common chokecherry",0,"Unquantified but Predicted or Expected",NA,"Unquantified but Predicted or Expected"
577,"FOOD00563","Agave",0,"Unquantified but Predicted or Expected",NA,"Unquantified but Predicted or Expected"
578,"FOOD00564","Narrowleaf cattail",0,"Unquantified but Predicted or Expected",NA,"Unquantified but Predicted or Expected"
583,"FOOD00569","Chanterelle",0,"Unquantified but Predicted or Expected",NA,"Unquantified but Predicted or Expected"
586,"FOOD00572","Cinnamon",0,"Unquantified but Predicted or Expected",NA,"Unquantified but Predicted or Expected"
605,"FOOD00591","Oil palm",0,"Unquantified but Predicted or Expected",NA,"Unquantified but Predicted or Expected"
607,"FOOD00593","Sago palm",0,"Unquantified but Predicted or Expected",NA,"Unquantified but Predicted or Expected"
608,"FOOD00594","Persimmon",0,"Unquantified but Predicted or Expected",NA,"Unquantified but Predicted or Expected"
613,"FOOD00599","Black salsify",0,"Unquantified but Predicted or Expected",NA,"Unquantified but Predicted or Expected"
615,"FOOD00601","Red algae",0,"Unquantified but Predicted or Expected",NA,"Unquantified but Predicted or Expected"
616,"FOOD00602","Kombu",0,"Unquantified but Predicted or Expected",NA,"Unquantified but Predicted or Expected"
620,"FOOD00606","Thistle",0,"Unquantified but Predicted or Expected",NA,"Unquantified but Predicted or Expected"
622,"FOOD00608","Walnut",0,"Unquantified but Predicted or Expected",NA,"Unquantified but Predicted or Expected"
629,"FOOD00615","Apple cider",0,"Unquantified but Predicted or Expected",NA,"Unquantified but Predicted or Expected"
644,"FOOD00627","Liquorice",0,"Unquantified but Predicted or Expected",NA,"Unquantified but Predicted or Expected"
647,"FOOD00630","Port wine",0,"Unquantified but Predicted or Expected",NA,"Unquantified but Predicted or Expected"
705,"FOOD00683","Other cocoa product",0,"Unquantified but Predicted or Expected",NA,"Unquantified but Predicted or Expected"
708,"FOOD00686","Cocoa liquor",0,"Unquantified but Predicted or Expected",NA,"Unquantified but Predicted or Expected"
765,"FOOD00740","Couscous",0,"Unquantified but Predicted or Expected",NA,"Unquantified but Predicted or Expected"
766,"FOOD00741","Bulgur",0,"Unquantified but Predicted or Expected",NA,"Unquantified but Predicted or Expected"
786,"FOOD00761","Horned melon",0,"Unquantified but Predicted or Expected",NA,"Unquantified but Predicted or Expected"
788,"FOOD00763","Fruit juice",0,"Unquantified but Predicted or Expected",NA,"Unquantified but Predicted or Expected"
796,"FOOD00771","Mixed nuts",0,"Unquantified but Predicted or Expected",NA,"Unquantified but Predicted or Expected"
797,"FOOD00772","Canola",0,"Unquantified but Predicted or Expected",NA,"Unquantified but Predicted or Expected"
798,"FOOD00773","Babassu palm",0,"Unquantified but Predicted or Expected",NA,"Unquantified but Predicted or Expected"
799,"FOOD00774","Cupua√ßu",0,"Unquantified but Predicted or Expected",NA,"Unquantified but Predicted or Expected"
800,"FOOD00775","Shea tree",0,"Unquantified but Predicted or Expected",NA,"Unquantified but Predicted or Expected"
801,"FOOD00776","Oil-seed Camellia",0,"Unquantified but Predicted or Expected",NA,"Unquantified but Predicted or Expected"
802,"FOOD00777","Ucuhuba",0,"Unquantified but Predicted or Expected",NA,"Unquantified but Predicted or Expected"
814,"FOOD00789","Naranjilla",0,"Unquantified but Predicted or Expected",NA,"Unquantified but Predicted or Expected"
823,"FOOD00797","Tree fern",0,"Unquantified but Predicted or Expected",NA,"Unquantified but Predicted or Expected"
825,"FOOD00799","Flour",0,"Unquantified but Predicted or Expected",NA,"Unquantified but Predicted or Expected"
849,"FOOD00820","Greenthread tea",0,"Unquantified but Predicted or Expected",NA,"Unquantified but Predicted or Expected"
863,"FOOD00834","Yellow pond-lily",0,"Unquantified but Predicted or Expected",NA,"Unquantified but Predicted or Expected"
879,"FOOD00849","Pepper (C. pubescens)",0,"Unquantified but Predicted or Expected",NA,"Unquantified but Predicted or Expected"
882,"FOOD00852","Chinese bayberry",0,"Unquantified but Predicted or Expected",NA,"Unquantified but Predicted or Expected"
883,"FOOD00853","Mushrooms",0,"Unquantified but Predicted or Expected",NA,"Unquantified but Predicted or Expected"
884,"FOOD00854","Alcoholic beverages",0,"Unquantified but Predicted or Expected",NA,"Unquantified but Predicted or Expected"
885,"FOOD00855","Onion-family vegetables",0,"Unquantified but Predicted or Expected",NA,"Unquantified but Predicted or Expected"
886,"FOOD00856","Pomes",0,"Unquantified but Predicted or Expected",NA,"Unquantified but Predicted or Expected"
887,"FOOD00857","Brassicas",0,"Unquantified but Predicted or Expected",NA,"Unquantified but Predicted or Expected"
888,"FOOD00858","Cereals and cereal products",0,"Unquantified but Predicted or Expected",NA,"Unquantified but Predicted or Expected"
889,"FOOD00859","Citrus",0,"Unquantified but Predicted or Expected",NA,"Unquantified but Predicted or Expected"
890,"FOOD00860","Cocoa and cocoa products",0,"Unquantified but Predicted or Expected",NA,"Unquantified but Predicted or Expected"
891,"FOOD00861","Coffee and coffee products",0,"Unquantified but Predicted or Expected",NA,"Unquantified but Predicted or Expected"
893,"FOOD00863","Milk and milk products",0,"Unquantified but Predicted or Expected",NA,"Unquantified but Predicted or Expected"
894,"FOOD00864","Fats and oils",0,"Unquantified but Predicted or Expected",NA,"Unquantified but Predicted or Expected"
897,"FOOD00866","Herbs and Spices",0,"Unquantified but Predicted or Expected",NA,"Unquantified but Predicted or Expected"
898,"FOOD00867","Pulses",0,"Unquantified but Predicted or Expected",NA,"Unquantified but Predicted or Expected"
901,"FOOD00869","Nuts",0,"Unquantified but Predicted or Expected",NA,"Unquantified but Predicted or Expected"
902,"FOOD00870","Beverages",0,"Unquantified but Predicted or Expected",NA,"Unquantified but Predicted or Expected"
903,"FOOD00871","Fruits",0,"Unquantified but Predicted or Expected",NA,"Unquantified but Predicted or Expected"
904,"FOOD00872","Green vegetables",0,"Unquantified but Predicted or Expected",NA,"Unquantified but Predicted or Expected"
905,"FOOD00873","Root vegetables",0,"Unquantified but Predicted or Expected",NA,"Unquantified but Predicted or Expected"
929,"FOOD00897","Mundu",0,"Unquantified but Predicted or Expected",NA,"Unquantified but Predicted or Expected"
931,"FOOD00899","Yali pear",0,"Unquantified but Predicted or Expected",NA,"Unquantified but Predicted or Expected"
941,"FOOD00909","Olive oil",0,"Unquantified but Predicted or Expected",NA,"Unquantified but Predicted or Expected"
950,"FOOD00918","Sour orange",0,"Unquantified but Predicted or Expected",NA,"Unquantified but Predicted or Expected"
952,"FOOD00920","Ros√© wine",0,"Unquantified but Predicted or Expected",NA,"Unquantified but Predicted or Expected"
953,"FOOD00921","White mulberry",0,"Unquantified but Predicted or Expected",NA,"Unquantified but Predicted or Expected"
955,"FOOD00923","Dessert wine",0,"Unquantified but Predicted or Expected",NA,"Unquantified but Predicted or Expected"
956,"FOOD00924","Red champagne",0,"Unquantified but Predicted or Expected",NA,"Unquantified but Predicted or Expected"
958,"FOOD00926","White champagne",0,"Unquantified but Predicted or Expected",NA,"Unquantified but Predicted or Expected"
959,"FOOD00927","Red grape juice",0,"Unquantified but Predicted or Expected",NA,"Unquantified but Predicted or Expected"
960,"FOOD00928","White grape juice",0,"Unquantified but Predicted or Expected",NA,"Unquantified but Predicted or Expected"
962,"FOOD00930","Red clover",0,"Unquantified but Predicted or Expected",NA,"Unquantified but Predicted or Expected"
963,"FOOD00931","Partridge berry",0,"Unquantified but Predicted or Expected",NA,"Unquantified but Predicted or Expected"
986,"FOOD00954","Whole wheat bread",0,"Unquantified but Predicted or Expected",NA,"Unquantified but Predicted or Expected"
994,"FOOD00962","Red onion",0,"Unquantified but Predicted or Expected",NA,"Unquantified but Predicted or Expected"
995,"FOOD00963","Green onion",0,"Unquantified but Predicted or Expected",NA,"Unquantified but Predicted or Expected"
899,NA,"meats",0,"Unquantified but Predicted or Expected",NA,"Unquantified but Predicted or Expected"
